date_id,full_date,year,month,day,season
1,2020-01-01 12:00:00,2020,1,1,Hiver
2,2020-01-02 12:00:00,2020,1,2,Hiver
3,2020-01-03 12:00:00,2020,1,3,Hiver
4,2020-01-04 12:00:00,2020,1,4,Hiver
5,2020-01-05 12:00:00,2020,1,5,Hiver
6,2020-01-06 12:00:00,2020,1,6,Hiver
7,2020-01-07 12:00:00,2020,1,7,Hiver
8,2020-01-08 12:00:00,2020,1,8,Hiver
9,2020-01-09 12:00:00,2020,1,9,Hiver
10,2020-01-10 12:00:00,2020,1,10,Hiver
11,2020-01-11 12:00:00,2020,1,11,Hiver
12,2020-01-12 12:00:00,2020,1,12,Hiver
13,2020-01-13 12:00:00,2020,1,13,Hiver
14,2020-01-14 12:00:00,2020,1,14,Hiver
15,2020-01-15 12:00:00,2020,1,15,Hiver
16,2020-01-16 12:00:00,2020,1,16,Hiver
17,2020-01-17 12:00:00,2020,1,17,Hiver
18,2020-01-18 12:00:00,2020,1,18,Hiver
19,2020-01-19 12:00:00,2020,1,19,Hiver
20,2020-01-20 12:00:00,2020,1,20,Hiver
21,2020-01-21 12:00:00,2020,1,21,Hiver
22,2020-01-22 12:00:00,2020,1,22,Hiver
23,2020-01-23 12:00:00,2020,1,23,Hiver
24,2020-01-24 12:00:00,2020,1,24,Hiver
25,2020-01-25 12:00:00,2020,1,25,Hiver
26,2020-01-26 12:00:00,2020,1,26,Hiver
27,2020-01-27 12:00:00,2020,1,27,Hiver
28,2020-01-28 12:00:00,2020,1,28,Hiver
29,2020-01-29 12:00:00,2020,1,29,Hiver
30,2020-01-30 12:00:00,2020,1,30,Hiver
31,2020-01-31 12:00:00,2020,1,31,Hiver
32,2020-02-01 12:00:00,2020,2,1,Hiver
33,2020-02-02 12:00:00,2020,2,2,Hiver
34,2020-02-03 12:00:00,2020,2,3,Hiver
35,2020-02-04 12:00:00,2020,2,4,Hiver
36,2020-02-05 12:00:00,2020,2,5,Hiver
37,2020-02-06 12:00:00,2020,2,6,Hiver
38,2020-02-07 12:00:00,2020,2,7,Hiver
39,2020-02-08 12:00:00,2020,2,8,Hiver
40,2020-02-09 12:00:00,2020,2,9,Hiver
41,2020-02-10 12:00:00,2020,2,10,Hiver
42,2020-02-11 12:00:00,2020,2,11,Hiver
43,2020-02-12 12:00:00,2020,2,12,Hiver
44,2020-02-13 12:00:00,2020,2,13,Hiver
45,2020-02-14 12:00:00,2020,2,14,Hiver
46,2020-02-15 12:00:00,2020,2,15,Hiver
47,2020-02-16 12:00:00,2020,2,16,Hiver
48,2020-02-17 12:00:00,2020,2,17,Hiver
49,2020-02-18 12:00:00,2020,2,18,Hiver
50,2020-02-19 12:00:00,2020,2,19,Hiver
51,2020-02-20 12:00:00,2020,2,20,Hiver
52,2020-02-21 12:00:00,2020,2,21,Hiver
53,2020-02-22 12:00:00,2020,2,22,Hiver
54,2020-02-23 12:00:00,2020,2,23,Hiver
55,2020-02-24 12:00:00,2020,2,24,Hiver
56,2020-02-25 12:00:00,2020,2,25,Hiver
57,2020-02-26 12:00:00,2020,2,26,Hiver
58,2020-02-27 12:00:00,2020,2,27,Hiver
59,2020-02-28 12:00:00,2020,2,28,Hiver
60,2020-02-29 12:00:00,2020,2,29,Hiver
61,2020-03-01 12:00:00,2020,3,1,Printemps
62,2020-03-02 12:00:00,2020,3,2,Printemps
63,2020-03-03 12:00:00,2020,3,3,Printemps
64,2020-03-04 12:00:00,2020,3,4,Printemps
65,2020-03-05 12:00:00,2020,3,5,Printemps
66,2020-03-06 12:00:00,2020,3,6,Printemps
67,2020-03-07 12:00:00,2020,3,7,Printemps
68,2020-03-08 12:00:00,2020,3,8,Printemps
69,2020-03-09 12:00:00,2020,3,9,Printemps
70,2020-03-10 12:00:00,2020,3,10,Printemps
71,2020-03-11 12:00:00,2020,3,11,Printemps
72,2020-03-12 12:00:00,2020,3,12,Printemps
73,2020-03-13 12:00:00,2020,3,13,Printemps
74,2020-03-14 12:00:00,2020,3,14,Printemps
75,2020-03-15 12:00:00,2020,3,15,Printemps
76,2020-03-16 12:00:00,2020,3,16,Printemps
77,2020-03-17 12:00:00,2020,3,17,Printemps
78,2020-03-18 12:00:00,2020,3,18,Printemps
79,2020-03-19 12:00:00,2020,3,19,Printemps
80,2020-03-20 12:00:00,2020,3,20,Printemps
81,2020-03-21 12:00:00,2020,3,21,Printemps
82,2020-03-22 12:00:00,2020,3,22,Printemps
83,2020-03-23 12:00:00,2020,3,23,Printemps
84,2020-03-24 12:00:00,2020,3,24,Printemps
85,2020-03-25 12:00:00,2020,3,25,Printemps
86,2020-03-26 12:00:00,2020,3,26,Printemps
87,2020-03-27 12:00:00,2020,3,27,Printemps
88,2020-03-28 12:00:00,2020,3,28,Printemps
89,2020-03-29 12:00:00,2020,3,29,Printemps
90,2020-03-30 12:00:00,2020,3,30,Printemps
91,2020-03-31 12:00:00,2020,3,31,Printemps
92,2020-04-01 12:00:00,2020,4,1,Printemps
93,2020-04-02 12:00:00,2020,4,2,Printemps
94,2020-04-03 12:00:00,2020,4,3,Printemps
95,2020-04-04 12:00:00,2020,4,4,Printemps
96,2020-04-05 12:00:00,2020,4,5,Printemps
97,2020-04-06 12:00:00,2020,4,6,Printemps
98,2020-04-07 12:00:00,2020,4,7,Printemps
99,2020-04-08 12:00:00,2020,4,8,Printemps
100,2020-04-09 12:00:00,2020,4,9,Printemps
101,2020-04-10 12:00:00,2020,4,10,Printemps
102,2020-04-11 12:00:00,2020,4,11,Printemps
103,2020-04-12 12:00:00,2020,4,12,Printemps
104,2020-04-13 12:00:00,2020,4,13,Printemps
105,2020-04-14 12:00:00,2020,4,14,Printemps
106,2020-04-15 12:00:00,2020,4,15,Printemps
107,2020-04-16 12:00:00,2020,4,16,Printemps
108,2020-04-17 12:00:00,2020,4,17,Printemps
109,2020-04-18 12:00:00,2020,4,18,Printemps
110,2020-04-19 12:00:00,2020,4,19,Printemps
111,2020-04-20 12:00:00,2020,4,20,Printemps
112,2020-04-21 12:00:00,2020,4,21,Printemps
113,2020-04-22 12:00:00,2020,4,22,Printemps
114,2020-04-23 12:00:00,2020,4,23,Printemps
115,2020-04-24 12:00:00,2020,4,24,Printemps
116,2020-04-25 12:00:00,2020,4,25,Printemps
117,2020-04-26 12:00:00,2020,4,26,Printemps
118,2020-04-27 12:00:00,2020,4,27,Printemps
119,2020-04-28 12:00:00,2020,4,28,Printemps
120,2020-04-29 12:00:00,2020,4,29,Printemps
121,2020-04-30 12:00:00,2020,4,30,Printemps
122,2020-05-01 12:00:00,2020,5,1,Printemps
123,2020-05-02 12:00:00,2020,5,2,Printemps
124,2020-05-03 12:00:00,2020,5,3,Printemps
125,2020-05-04 12:00:00,2020,5,4,Printemps
126,2020-05-05 12:00:00,2020,5,5,Printemps
127,2020-05-06 12:00:00,2020,5,6,Printemps
128,2020-05-07 12:00:00,2020,5,7,Printemps
129,2020-05-08 12:00:00,2020,5,8,Printemps
130,2020-05-09 12:00:00,2020,5,9,Printemps
131,2020-05-10 12:00:00,2020,5,10,Printemps
132,2020-05-11 12:00:00,2020,5,11,Printemps
133,2020-05-12 12:00:00,2020,5,12,Printemps
134,2020-05-13 12:00:00,2020,5,13,Printemps
135,2020-05-14 12:00:00,2020,5,14,Printemps
136,2020-05-15 12:00:00,2020,5,15,Printemps
137,2020-05-16 12:00:00,2020,5,16,Printemps
138,2020-05-17 12:00:00,2020,5,17,Printemps
139,2020-05-18 12:00:00,2020,5,18,Printemps
140,2020-05-19 12:00:00,2020,5,19,Printemps
141,2020-05-20 12:00:00,2020,5,20,Printemps
142,2020-05-21 12:00:00,2020,5,21,Printemps
143,2020-05-22 12:00:00,2020,5,22,Printemps
144,2020-05-23 12:00:00,2020,5,23,Printemps
145,2020-05-24 12:00:00,2020,5,24,Printemps
146,2020-05-25 12:00:00,2020,5,25,Printemps
147,2020-05-26 12:00:00,2020,5,26,Printemps
148,2020-05-27 12:00:00,2020,5,27,Printemps
149,2020-05-28 12:00:00,2020,5,28,Printemps
150,2020-05-29 12:00:00,2020,5,29,Printemps
151,2020-05-30 12:00:00,2020,5,30,Printemps
152,2020-05-31 12:00:00,2020,5,31,Printemps
153,2020-06-01 12:00:00,2020,6,1,Été
154,2020-06-02 12:00:00,2020,6,2,Été
155,2020-06-03 12:00:00,2020,6,3,Été
156,2020-06-04 12:00:00,2020,6,4,Été
157,2020-06-05 12:00:00,2020,6,5,Été
158,2020-06-06 12:00:00,2020,6,6,Été
159,2020-06-07 12:00:00,2020,6,7,Été
160,2020-06-08 12:00:00,2020,6,8,Été
161,2020-06-09 12:00:00,2020,6,9,Été
162,2020-06-10 12:00:00,2020,6,10,Été
163,2020-06-11 12:00:00,2020,6,11,Été
164,2020-06-12 12:00:00,2020,6,12,Été
165,2020-06-13 12:00:00,2020,6,13,Été
166,2020-06-14 12:00:00,2020,6,14,Été
167,2020-06-15 12:00:00,2020,6,15,Été
168,2020-06-16 12:00:00,2020,6,16,Été
169,2020-06-17 12:00:00,2020,6,17,Été
170,2020-06-18 12:00:00,2020,6,18,Été
171,2020-06-19 12:00:00,2020,6,19,Été
172,2020-06-20 12:00:00,2020,6,20,Été
173,2020-06-21 12:00:00,2020,6,21,Été
174,2020-06-22 12:00:00,2020,6,22,Été
175,2020-06-23 12:00:00,2020,6,23,Été
176,2020-06-24 12:00:00,2020,6,24,Été
177,2020-06-25 12:00:00,2020,6,25,Été
178,2020-06-26 12:00:00,2020,6,26,Été
179,2020-06-27 12:00:00,2020,6,27,Été
180,2020-06-28 12:00:00,2020,6,28,Été
181,2020-06-29 12:00:00,2020,6,29,Été
182,2020-06-30 12:00:00,2020,6,30,Été
183,2020-07-01 12:00:00,2020,7,1,Été
184,2020-07-02 12:00:00,2020,7,2,Été
185,2020-07-03 12:00:00,2020,7,3,Été
186,2020-07-04 12:00:00,2020,7,4,Été
187,2020-07-05 12:00:00,2020,7,5,Été
188,2020-07-06 12:00:00,2020,7,6,Été
189,2020-07-07 12:00:00,2020,7,7,Été
190,2020-07-08 12:00:00,2020,7,8,Été
191,2020-07-09 12:00:00,2020,7,9,Été
192,2020-07-10 12:00:00,2020,7,10,Été
193,2020-07-11 12:00:00,2020,7,11,Été
194,2020-07-12 12:00:00,2020,7,12,Été
195,2020-07-13 12:00:00,2020,7,13,Été
196,2020-07-14 12:00:00,2020,7,14,Été
197,2020-07-15 12:00:00,2020,7,15,Été
198,2020-07-16 12:00:00,2020,7,16,Été
199,2020-07-17 12:00:00,2020,7,17,Été
200,2020-07-18 12:00:00,2020,7,18,Été
201,2020-07-19 12:00:00,2020,7,19,Été
202,2020-07-20 12:00:00,2020,7,20,Été
203,2020-07-21 12:00:00,2020,7,21,Été
204,2020-07-22 12:00:00,2020,7,22,Été
205,2020-07-23 12:00:00,2020,7,23,Été
206,2020-07-24 12:00:00,2020,7,24,Été
207,2020-07-25 12:00:00,2020,7,25,Été
208,2020-07-26 12:00:00,2020,7,26,Été
209,2020-07-27 12:00:00,2020,7,27,Été
210,2020-07-28 12:00:00,2020,7,28,Été
211,2020-07-29 12:00:00,2020,7,29,Été
212,2020-07-30 12:00:00,2020,7,30,Été
213,2020-07-31 12:00:00,2020,7,31,Été
214,2020-08-01 12:00:00,2020,8,1,Été
215,2020-08-02 12:00:00,2020,8,2,Été
216,2020-08-03 12:00:00,2020,8,3,Été
217,2020-08-04 12:00:00,2020,8,4,Été
218,2020-08-05 12:00:00,2020,8,5,Été
219,2020-08-06 12:00:00,2020,8,6,Été
220,2020-08-07 12:00:00,2020,8,7,Été
221,2020-08-08 12:00:00,2020,8,8,Été
222,2020-08-09 12:00:00,2020,8,9,Été
223,2020-08-10 12:00:00,2020,8,10,Été
224,2020-08-11 12:00:00,2020,8,11,Été
225,2020-08-12 12:00:00,2020,8,12,Été
226,2020-08-13 12:00:00,2020,8,13,Été
227,2020-08-14 12:00:00,2020,8,14,Été
228,2020-08-15 12:00:00,2020,8,15,Été
229,2020-08-16 12:00:00,2020,8,16,Été
230,2020-08-17 12:00:00,2020,8,17,Été
231,2020-08-18 12:00:00,2020,8,18,Été
232,2020-08-19 12:00:00,2020,8,19,Été
233,2020-08-20 12:00:00,2020,8,20,Été
234,2020-08-21 12:00:00,2020,8,21,Été
235,2020-08-22 12:00:00,2020,8,22,Été
236,2020-08-23 12:00:00,2020,8,23,Été
237,2020-08-24 12:00:00,2020,8,24,Été
238,2020-08-25 12:00:00,2020,8,25,Été
239,2020-08-26 12:00:00,2020,8,26,Été
240,2020-08-27 12:00:00,2020,8,27,Été
241,2020-08-28 12:00:00,2020,8,28,Été
242,2020-08-29 12:00:00,2020,8,29,Été
243,2020-08-30 12:00:00,2020,8,30,Été
244,2020-08-31 12:00:00,2020,8,31,Été
245,2020-09-01 12:00:00,2020,9,1,Automne
246,2020-09-02 12:00:00,2020,9,2,Automne
247,2020-09-03 12:00:00,2020,9,3,Automne
248,2020-09-04 12:00:00,2020,9,4,Automne
249,2020-09-05 12:00:00,2020,9,5,Automne
250,2020-09-06 12:00:00,2020,9,6,Automne
251,2020-09-07 12:00:00,2020,9,7,Automne
252,2020-09-08 12:00:00,2020,9,8,Automne
253,2020-09-09 12:00:00,2020,9,9,Automne
254,2020-09-10 12:00:00,2020,9,10,Automne
255,2020-09-11 12:00:00,2020,9,11,Automne
256,2020-09-12 12:00:00,2020,9,12,Automne
257,2020-09-13 12:00:00,2020,9,13,Automne
258,2020-09-14 12:00:00,2020,9,14,Automne
259,2020-09-15 12:00:00,2020,9,15,Automne
260,2020-09-16 12:00:00,2020,9,16,Automne
261,2020-09-17 12:00:00,2020,9,17,Automne
262,2020-09-18 12:00:00,2020,9,18,Automne
263,2020-09-19 12:00:00,2020,9,19,Automne
264,2020-09-20 12:00:00,2020,9,20,Automne
265,2020-09-21 12:00:00,2020,9,21,Automne
266,2020-09-22 12:00:00,2020,9,22,Automne
267,2020-09-23 12:00:00,2020,9,23,Automne
268,2020-09-24 12:00:00,2020,9,24,Automne
269,2020-09-25 12:00:00,2020,9,25,Automne
270,2020-09-26 12:00:00,2020,9,26,Automne
271,2020-09-27 12:00:00,2020,9,27,Automne
272,2020-09-28 12:00:00,2020,9,28,Automne
273,2020-09-29 12:00:00,2020,9,29,Automne
274,2020-09-30 12:00:00,2020,9,30,Automne
275,2020-10-01 12:00:00,2020,10,1,Automne
276,2020-10-02 12:00:00,2020,10,2,Automne
277,2020-10-03 12:00:00,2020,10,3,Automne
278,2020-10-04 12:00:00,2020,10,4,Automne
279,2020-10-05 12:00:00,2020,10,5,Automne
280,2020-10-06 12:00:00,2020,10,6,Automne
281,2020-10-07 12:00:00,2020,10,7,Automne
282,2020-10-08 12:00:00,2020,10,8,Automne
283,2020-10-09 12:00:00,2020,10,9,Automne
284,2020-10-10 12:00:00,2020,10,10,Automne
285,2020-10-11 12:00:00,2020,10,11,Automne
286,2020-10-12 12:00:00,2020,10,12,Automne
287,2020-10-13 12:00:00,2020,10,13,Automne
288,2020-10-14 12:00:00,2020,10,14,Automne
289,2020-10-15 12:00:00,2020,10,15,Automne
290,2020-10-16 12:00:00,2020,10,16,Automne
291,2020-10-17 12:00:00,2020,10,17,Automne
292,2020-10-18 12:00:00,2020,10,18,Automne
293,2020-10-19 12:00:00,2020,10,19,Automne
294,2020-10-20 12:00:00,2020,10,20,Automne
295,2020-10-21 12:00:00,2020,10,21,Automne
296,2020-10-22 12:00:00,2020,10,22,Automne
297,2020-10-23 12:00:00,2020,10,23,Automne
298,2020-10-24 12:00:00,2020,10,24,Automne
299,2020-10-25 12:00:00,2020,10,25,Automne
300,2020-10-26 12:00:00,2020,10,26,Automne
301,2020-10-27 12:00:00,2020,10,27,Automne
302,2020-10-28 12:00:00,2020,10,28,Automne
303,2020-10-29 12:00:00,2020,10,29,Automne
304,2020-10-30 12:00:00,2020,10,30,Automne
305,2020-10-31 12:00:00,2020,10,31,Automne
306,2020-11-01 12:00:00,2020,11,1,Automne
307,2020-11-02 12:00:00,2020,11,2,Automne
308,2020-11-03 12:00:00,2020,11,3,Automne
309,2020-11-04 12:00:00,2020,11,4,Automne
310,2020-11-05 12:00:00,2020,11,5,Automne
311,2020-11-06 12:00:00,2020,11,6,Automne
312,2020-11-07 12:00:00,2020,11,7,Automne
313,2020-11-08 12:00:00,2020,11,8,Automne
314,2020-11-09 12:00:00,2020,11,9,Automne
315,2020-11-10 12:00:00,2020,11,10,Automne
316,2020-11-11 12:00:00,2020,11,11,Automne
317,2020-11-12 12:00:00,2020,11,12,Automne
318,2020-11-13 12:00:00,2020,11,13,Automne
319,2020-11-14 12:00:00,2020,11,14,Automne
320,2020-11-15 12:00:00,2020,11,15,Automne
321,2020-11-16 12:00:00,2020,11,16,Automne
322,2020-11-17 12:00:00,2020,11,17,Automne
323,2020-11-18 12:00:00,2020,11,18,Automne
324,2020-11-19 12:00:00,2020,11,19,Automne
325,2020-11-20 12:00:00,2020,11,20,Automne
326,2020-11-21 12:00:00,2020,11,21,Automne
327,2020-11-22 12:00:00,2020,11,22,Automne
328,2020-11-23 12:00:00,2020,11,23,Automne
329,2020-11-24 12:00:00,2020,11,24,Automne
330,2020-11-25 12:00:00,2020,11,25,Automne
331,2020-11-26 12:00:00,2020,11,26,Automne
332,2020-11-27 12:00:00,2020,11,27,Automne
333,2020-11-28 12:00:00,2020,11,28,Automne
334,2020-11-29 12:00:00,2020,11,29,Automne
335,2020-11-30 12:00:00,2020,11,30,Automne
336,2020-12-01 12:00:00,2020,12,1,Hiver
337,2020-12-02 12:00:00,2020,12,2,Hiver
338,2020-12-03 12:00:00,2020,12,3,Hiver
339,2020-12-04 12:00:00,2020,12,4,Hiver
340,2020-12-05 12:00:00,2020,12,5,Hiver
341,2020-12-06 12:00:00,2020,12,6,Hiver
342,2020-12-07 12:00:00,2020,12,7,Hiver
343,2020-12-08 12:00:00,2020,12,8,Hiver
344,2020-12-09 12:00:00,2020,12,9,Hiver
345,2020-12-10 12:00:00,2020,12,10,Hiver
346,2020-12-11 12:00:00,2020,12,11,Hiver
347,2020-12-12 12:00:00,2020,12,12,Hiver
348,2020-12-13 12:00:00,2020,12,13,Hiver
349,2020-12-14 12:00:00,2020,12,14,Hiver
350,2020-12-15 12:00:00,2020,12,15,Hiver
351,2020-12-16 12:00:00,2020,12,16,Hiver
352,2020-12-17 12:00:00,2020,12,17,Hiver
353,2020-12-18 12:00:00,2020,12,18,Hiver
354,2020-12-19 12:00:00,2020,12,19,Hiver
355,2020-12-20 12:00:00,2020,12,20,Hiver
356,2020-12-21 12:00:00,2020,12,21,Hiver
357,2020-12-22 12:00:00,2020,12,22,Hiver
358,2020-12-23 12:00:00,2020,12,23,Hiver
359,2020-12-24 12:00:00,2020,12,24,Hiver
360,2020-12-25 12:00:00,2020,12,25,Hiver
361,2020-12-26 12:00:00,2020,12,26,Hiver
362,2020-12-27 12:00:00,2020,12,27,Hiver
363,2020-12-28 12:00:00,2020,12,28,Hiver
364,2020-12-29 12:00:00,2020,12,29,Hiver
365,2020-12-30 12:00:00,2020,12,30,Hiver
366,2020-12-31 12:00:00,2020,12,31,Hiver
367,2021-01-01 12:00:00,2021,1,1,Hiver
368,2021-01-02 12:00:00,2021,1,2,Hiver
369,2021-01-03 12:00:00,2021,1,3,Hiver
370,2021-01-04 12:00:00,2021,1,4,Hiver
371,2021-01-05 12:00:00,2021,1,5,Hiver
372,2021-01-06 12:00:00,2021,1,6,Hiver
373,2021-01-07 12:00:00,2021,1,7,Hiver
374,2021-01-08 12:00:00,2021,1,8,Hiver
375,2021-01-09 12:00:00,2021,1,9,Hiver
376,2021-01-10 12:00:00,2021,1,10,Hiver
377,2021-01-11 12:00:00,2021,1,11,Hiver
378,2021-01-12 12:00:00,2021,1,12,Hiver
379,2021-01-13 12:00:00,2021,1,13,Hiver
380,2021-01-14 12:00:00,2021,1,14,Hiver
381,2021-01-15 12:00:00,2021,1,15,Hiver
382,2021-01-16 12:00:00,2021,1,16,Hiver
383,2021-01-17 12:00:00,2021,1,17,Hiver
384,2021-01-18 12:00:00,2021,1,18,Hiver
385,2021-01-19 12:00:00,2021,1,19,Hiver
386,2021-01-20 12:00:00,2021,1,20,Hiver
387,2021-01-21 12:00:00,2021,1,21,Hiver
388,2021-01-22 12:00:00,2021,1,22,Hiver
389,2021-01-23 12:00:00,2021,1,23,Hiver
390,2021-01-24 12:00:00,2021,1,24,Hiver
391,2021-01-25 12:00:00,2021,1,25,Hiver
392,2021-01-26 12:00:00,2021,1,26,Hiver
393,2021-01-27 12:00:00,2021,1,27,Hiver
394,2021-01-28 12:00:00,2021,1,28,Hiver
395,2021-01-29 12:00:00,2021,1,29,Hiver
396,2021-01-30 12:00:00,2021,1,30,Hiver
397,2021-01-31 12:00:00,2021,1,31,Hiver
398,2021-02-01 12:00:00,2021,2,1,Hiver
399,2021-02-02 12:00:00,2021,2,2,Hiver
400,2021-02-03 12:00:00,2021,2,3,Hiver
401,2021-02-04 12:00:00,2021,2,4,Hiver
402,2021-02-05 12:00:00,2021,2,5,Hiver
403,2021-02-06 12:00:00,2021,2,6,Hiver
404,2021-02-07 12:00:00,2021,2,7,Hiver
405,2021-02-08 12:00:00,2021,2,8,Hiver
406,2021-02-09 12:00:00,2021,2,9,Hiver
407,2021-02-10 12:00:00,2021,2,10,Hiver
408,2021-02-11 12:00:00,2021,2,11,Hiver
409,2021-02-12 12:00:00,2021,2,12,Hiver
410,2021-02-13 12:00:00,2021,2,13,Hiver
411,2021-02-14 12:00:00,2021,2,14,Hiver
412,2021-02-15 12:00:00,2021,2,15,Hiver
413,2021-02-16 12:00:00,2021,2,16,Hiver
414,2021-02-17 12:00:00,2021,2,17,Hiver
415,2021-02-18 12:00:00,2021,2,18,Hiver
416,2021-02-19 12:00:00,2021,2,19,Hiver
417,2021-02-20 12:00:00,2021,2,20,Hiver
418,2021-02-21 12:00:00,2021,2,21,Hiver
419,2021-02-22 12:00:00,2021,2,22,Hiver
420,2021-02-23 12:00:00,2021,2,23,Hiver
421,2021-02-24 12:00:00,2021,2,24,Hiver
422,2021-02-25 12:00:00,2021,2,25,Hiver
423,2021-02-26 12:00:00,2021,2,26,Hiver
424,2021-02-27 12:00:00,2021,2,27,Hiver
425,2021-02-28 12:00:00,2021,2,28,Hiver
426,2021-03-01 12:00:00,2021,3,1,Printemps
427,2021-03-02 12:00:00,2021,3,2,Printemps
428,2021-03-03 12:00:00,2021,3,3,Printemps
429,2021-03-04 12:00:00,2021,3,4,Printemps
430,2021-03-05 12:00:00,2021,3,5,Printemps
431,2021-03-06 12:00:00,2021,3,6,Printemps
432,2021-03-07 12:00:00,2021,3,7,Printemps
433,2021-03-08 12:00:00,2021,3,8,Printemps
434,2021-03-09 12:00:00,2021,3,9,Printemps
435,2021-03-10 12:00:00,2021,3,10,Printemps
436,2021-03-11 12:00:00,2021,3,11,Printemps
437,2021-03-12 12:00:00,2021,3,12,Printemps
438,2021-03-13 12:00:00,2021,3,13,Printemps
439,2021-03-14 12:00:00,2021,3,14,Printemps
440,2021-03-15 12:00:00,2021,3,15,Printemps
441,2021-03-16 12:00:00,2021,3,16,Printemps
442,2021-03-17 12:00:00,2021,3,17,Printemps
443,2021-03-18 12:00:00,2021,3,18,Printemps
444,2021-03-19 12:00:00,2021,3,19,Printemps
445,2021-03-20 12:00:00,2021,3,20,Printemps
446,2021-03-21 12:00:00,2021,3,21,Printemps
447,2021-03-22 12:00:00,2021,3,22,Printemps
448,2021-03-23 12:00:00,2021,3,23,Printemps
449,2021-03-24 12:00:00,2021,3,24,Printemps
450,2021-03-25 12:00:00,2021,3,25,Printemps
451,2021-03-26 12:00:00,2021,3,26,Printemps
452,2021-03-27 12:00:00,2021,3,27,Printemps
453,2021-03-28 12:00:00,2021,3,28,Printemps
454,2021-03-29 12:00:00,2021,3,29,Printemps
455,2021-03-30 12:00:00,2021,3,30,Printemps
456,2021-03-31 12:00:00,2021,3,31,Printemps
457,2021-04-01 12:00:00,2021,4,1,Printemps
458,2021-04-02 12:00:00,2021,4,2,Printemps
459,2021-04-03 12:00:00,2021,4,3,Printemps
460,2021-04-04 12:00:00,2021,4,4,Printemps
461,2021-04-05 12:00:00,2021,4,5,Printemps
462,2021-04-06 12:00:00,2021,4,6,Printemps
463,2021-04-07 12:00:00,2021,4,7,Printemps
464,2021-04-08 12:00:00,2021,4,8,Printemps
465,2021-04-09 12:00:00,2021,4,9,Printemps
466,2021-04-10 12:00:00,2021,4,10,Printemps
467,2021-04-11 12:00:00,2021,4,11,Printemps
468,2021-04-12 12:00:00,2021,4,12,Printemps
469,2021-04-13 12:00:00,2021,4,13,Printemps
470,2021-04-14 12:00:00,2021,4,14,Printemps
471,2021-04-15 12:00:00,2021,4,15,Printemps
472,2021-04-16 12:00:00,2021,4,16,Printemps
473,2021-04-17 12:00:00,2021,4,17,Printemps
474,2021-04-18 12:00:00,2021,4,18,Printemps
475,2021-04-19 12:00:00,2021,4,19,Printemps
476,2021-04-20 12:00:00,2021,4,20,Printemps
477,2021-04-21 12:00:00,2021,4,21,Printemps
478,2021-04-22 12:00:00,2021,4,22,Printemps
479,2021-04-23 12:00:00,2021,4,23,Printemps
480,2021-04-24 12:00:00,2021,4,24,Printemps
481,2021-04-25 12:00:00,2021,4,25,Printemps
482,2021-04-26 12:00:00,2021,4,26,Printemps
483,2021-04-27 12:00:00,2021,4,27,Printemps
484,2021-04-28 12:00:00,2021,4,28,Printemps
485,2021-04-29 12:00:00,2021,4,29,Printemps
486,2021-04-30 12:00:00,2021,4,30,Printemps
487,2021-05-01 12:00:00,2021,5,1,Printemps
488,2021-05-02 12:00:00,2021,5,2,Printemps
489,2021-05-03 12:00:00,2021,5,3,Printemps
490,2021-05-04 12:00:00,2021,5,4,Printemps
491,2021-05-05 12:00:00,2021,5,5,Printemps
492,2021-05-06 12:00:00,2021,5,6,Printemps
493,2021-05-07 12:00:00,2021,5,7,Printemps
494,2021-05-08 12:00:00,2021,5,8,Printemps
495,2021-05-09 12:00:00,2021,5,9,Printemps
496,2021-05-10 12:00:00,2021,5,10,Printemps
497,2021-05-11 12:00:00,2021,5,11,Printemps
498,2021-05-12 12:00:00,2021,5,12,Printemps
499,2021-05-13 12:00:00,2021,5,13,Printemps
500,2021-05-14 12:00:00,2021,5,14,Printemps
501,2021-05-15 12:00:00,2021,5,15,Printemps
502,2021-05-16 12:00:00,2021,5,16,Printemps
503,2021-05-17 12:00:00,2021,5,17,Printemps
504,2021-05-18 12:00:00,2021,5,18,Printemps
505,2021-05-19 12:00:00,2021,5,19,Printemps
506,2021-05-20 12:00:00,2021,5,20,Printemps
507,2021-05-21 12:00:00,2021,5,21,Printemps
508,2021-05-22 12:00:00,2021,5,22,Printemps
509,2021-05-23 12:00:00,2021,5,23,Printemps
510,2021-05-24 12:00:00,2021,5,24,Printemps
511,2021-05-25 12:00:00,2021,5,25,Printemps
512,2021-05-26 12:00:00,2021,5,26,Printemps
513,2021-05-27 12:00:00,2021,5,27,Printemps
514,2021-05-28 12:00:00,2021,5,28,Printemps
515,2021-05-29 12:00:00,2021,5,29,Printemps
516,2021-05-30 12:00:00,2021,5,30,Printemps
517,2021-05-31 12:00:00,2021,5,31,Printemps
518,2021-06-01 12:00:00,2021,6,1,Été
519,2021-06-02 12:00:00,2021,6,2,Été
520,2021-06-03 12:00:00,2021,6,3,Été
521,2021-06-04 12:00:00,2021,6,4,Été
522,2021-06-05 12:00:00,2021,6,5,Été
523,2021-06-06 12:00:00,2021,6,6,Été
524,2021-06-07 12:00:00,2021,6,7,Été
525,2021-06-08 12:00:00,2021,6,8,Été
526,2021-06-09 12:00:00,2021,6,9,Été
527,2021-06-10 12:00:00,2021,6,10,Été
528,2021-06-11 12:00:00,2021,6,11,Été
529,2021-06-12 12:00:00,2021,6,12,Été
530,2021-06-13 12:00:00,2021,6,13,Été
531,2021-06-14 12:00:00,2021,6,14,Été
532,2021-06-15 12:00:00,2021,6,15,Été
533,2021-06-16 12:00:00,2021,6,16,Été
534,2021-06-17 12:00:00,2021,6,17,Été
535,2021-06-18 12:00:00,2021,6,18,Été
536,2021-06-19 12:00:00,2021,6,19,Été
537,2021-06-20 12:00:00,2021,6,20,Été
538,2021-06-21 12:00:00,2021,6,21,Été
539,2021-06-22 12:00:00,2021,6,22,Été
540,2021-06-23 12:00:00,2021,6,23,Été
541,2021-06-24 12:00:00,2021,6,24,Été
542,2021-06-25 12:00:00,2021,6,25,Été
543,2021-06-26 12:00:00,2021,6,26,Été
544,2021-06-27 12:00:00,2021,6,27,Été
545,2021-06-28 12:00:00,2021,6,28,Été
546,2021-06-29 12:00:00,2021,6,29,Été
547,2021-06-30 12:00:00,2021,6,30,Été
548,2021-07-01 12:00:00,2021,7,1,Été
549,2021-07-02 12:00:00,2021,7,2,Été
550,2021-07-03 12:00:00,2021,7,3,Été
551,2021-07-04 12:00:00,2021,7,4,Été
552,2021-07-05 12:00:00,2021,7,5,Été
553,2021-07-06 12:00:00,2021,7,6,Été
554,2021-07-07 12:00:00,2021,7,7,Été
555,2021-07-08 12:00:00,2021,7,8,Été
556,2021-07-09 12:00:00,2021,7,9,Été
557,2021-07-10 12:00:00,2021,7,10,Été
558,2021-07-11 12:00:00,2021,7,11,Été
559,2021-07-12 12:00:00,2021,7,12,Été
560,2021-07-13 12:00:00,2021,7,13,Été
561,2021-07-14 12:00:00,2021,7,14,Été
562,2021-07-15 12:00:00,2021,7,15,Été
563,2021-07-16 12:00:00,2021,7,16,Été
564,2021-07-17 12:00:00,2021,7,17,Été
565,2021-07-18 12:00:00,2021,7,18,Été
566,2021-07-19 12:00:00,2021,7,19,Été
567,2021-07-20 12:00:00,2021,7,20,Été
568,2021-07-21 12:00:00,2021,7,21,Été
569,2021-07-22 12:00:00,2021,7,22,Été
570,2021-07-23 12:00:00,2021,7,23,Été
571,2021-07-24 12:00:00,2021,7,24,Été
572,2021-07-25 12:00:00,2021,7,25,Été
573,2021-07-26 12:00:00,2021,7,26,Été
574,2021-07-27 12:00:00,2021,7,27,Été
575,2021-07-28 12:00:00,2021,7,28,Été
576,2021-07-29 12:00:00,2021,7,29,Été
577,2021-07-30 12:00:00,2021,7,30,Été
578,2021-07-31 12:00:00,2021,7,31,Été
579,2021-08-01 12:00:00,2021,8,1,Été
580,2021-08-02 12:00:00,2021,8,2,Été
581,2021-08-03 12:00:00,2021,8,3,Été
582,2021-08-04 12:00:00,2021,8,4,Été
583,2021-08-05 12:00:00,2021,8,5,Été
584,2021-08-06 12:00:00,2021,8,6,Été
585,2021-08-07 12:00:00,2021,8,7,Été
586,2021-08-08 12:00:00,2021,8,8,Été
587,2021-08-09 12:00:00,2021,8,9,Été
588,2021-08-10 12:00:00,2021,8,10,Été
589,2021-08-11 12:00:00,2021,8,11,Été
590,2021-08-12 12:00:00,2021,8,12,Été
591,2021-08-13 12:00:00,2021,8,13,Été
592,2021-08-14 12:00:00,2021,8,14,Été
593,2021-08-15 12:00:00,2021,8,15,Été
594,2021-08-16 12:00:00,2021,8,16,Été
595,2021-08-17 12:00:00,2021,8,17,Été
596,2021-08-18 12:00:00,2021,8,18,Été
597,2021-08-19 12:00:00,2021,8,19,Été
598,2021-08-20 12:00:00,2021,8,20,Été
599,2021-08-21 12:00:00,2021,8,21,Été
600,2021-08-22 12:00:00,2021,8,22,Été
601,2021-08-23 12:00:00,2021,8,23,Été
602,2021-08-24 12:00:00,2021,8,24,Été
603,2021-08-25 12:00:00,2021,8,25,Été
604,2021-08-26 12:00:00,2021,8,26,Été
605,2021-08-27 12:00:00,2021,8,27,Été
606,2021-08-28 12:00:00,2021,8,28,Été
607,2021-08-29 12:00:00,2021,8,29,Été
608,2021-08-30 12:00:00,2021,8,30,Été
609,2021-08-31 12:00:00,2021,8,31,Été
610,2021-09-01 12:00:00,2021,9,1,Automne
611,2021-09-02 12:00:00,2021,9,2,Automne
612,2021-09-03 12:00:00,2021,9,3,Automne
613,2021-09-04 12:00:00,2021,9,4,Automne
614,2021-09-05 12:00:00,2021,9,5,Automne
615,2021-09-06 12:00:00,2021,9,6,Automne
616,2021-09-07 12:00:00,2021,9,7,Automne
617,2021-09-08 12:00:00,2021,9,8,Automne
618,2021-09-09 12:00:00,2021,9,9,Automne
619,2021-09-10 12:00:00,2021,9,10,Automne
620,2021-09-11 12:00:00,2021,9,11,Automne
621,2021-09-12 12:00:00,2021,9,12,Automne
622,2021-09-13 12:00:00,2021,9,13,Automne
623,2021-09-14 12:00:00,2021,9,14,Automne
624,2021-09-15 12:00:00,2021,9,15,Automne
625,2021-09-16 12:00:00,2021,9,16,Automne
626,2021-09-17 12:00:00,2021,9,17,Automne
627,2021-09-18 12:00:00,2021,9,18,Automne
628,2021-09-19 12:00:00,2021,9,19,Automne
629,2021-09-20 12:00:00,2021,9,20,Automne
630,2021-09-21 12:00:00,2021,9,21,Automne
631,2021-09-22 12:00:00,2021,9,22,Automne
632,2021-09-23 12:00:00,2021,9,23,Automne
633,2021-09-24 12:00:00,2021,9,24,Automne
634,2021-09-25 12:00:00,2021,9,25,Automne
635,2021-09-26 12:00:00,2021,9,26,Automne
636,2021-09-27 12:00:00,2021,9,27,Automne
637,2021-09-28 12:00:00,2021,9,28,Automne
638,2021-09-29 12:00:00,2021,9,29,Automne
639,2021-09-30 12:00:00,2021,9,30,Automne
640,2021-10-01 12:00:00,2021,10,1,Automne
641,2021-10-02 12:00:00,2021,10,2,Automne
642,2021-10-03 12:00:00,2021,10,3,Automne
643,2021-10-04 12:00:00,2021,10,4,Automne
644,2021-10-05 12:00:00,2021,10,5,Automne
645,2021-10-06 12:00:00,2021,10,6,Automne
646,2021-10-07 12:00:00,2021,10,7,Automne
647,2021-10-08 12:00:00,2021,10,8,Automne
648,2021-10-09 12:00:00,2021,10,9,Automne
649,2021-10-10 12:00:00,2021,10,10,Automne
650,2021-10-11 12:00:00,2021,10,11,Automne
651,2021-10-12 12:00:00,2021,10,12,Automne
652,2021-10-13 12:00:00,2021,10,13,Automne
653,2021-10-14 12:00:00,2021,10,14,Automne
654,2021-10-15 12:00:00,2021,10,15,Automne
655,2021-10-16 12:00:00,2021,10,16,Automne
656,2021-10-17 12:00:00,2021,10,17,Automne
657,2021-10-18 12:00:00,2021,10,18,Automne
658,2021-10-19 12:00:00,2021,10,19,Automne
659,2021-10-20 12:00:00,2021,10,20,Automne
660,2021-10-21 12:00:00,2021,10,21,Automne
661,2021-10-22 12:00:00,2021,10,22,Automne
662,2021-10-23 12:00:00,2021,10,23,Automne
663,2021-10-24 12:00:00,2021,10,24,Automne
664,2021-10-25 12:00:00,2021,10,25,Automne
665,2021-10-26 12:00:00,2021,10,26,Automne
666,2021-10-27 12:00:00,2021,10,27,Automne
667,2021-10-28 12:00:00,2021,10,28,Automne
668,2021-10-29 12:00:00,2021,10,29,Automne
669,2021-10-30 12:00:00,2021,10,30,Automne
670,2021-10-31 12:00:00,2021,10,31,Automne
671,2021-11-01 12:00:00,2021,11,1,Automne
672,2021-11-02 12:00:00,2021,11,2,Automne
673,2021-11-03 12:00:00,2021,11,3,Automne
674,2021-11-04 12:00:00,2021,11,4,Automne
675,2021-11-05 12:00:00,2021,11,5,Automne
676,2021-11-06 12:00:00,2021,11,6,Automne
677,2021-11-07 12:00:00,2021,11,7,Automne
678,2021-11-08 12:00:00,2021,11,8,Automne
679,2021-11-09 12:00:00,2021,11,9,Automne
680,2021-11-10 12:00:00,2021,11,10,Automne
681,2021-11-11 12:00:00,2021,11,11,Automne
682,2021-11-12 12:00:00,2021,11,12,Automne
683,2021-11-13 12:00:00,2021,11,13,Automne
684,2021-11-14 12:00:00,2021,11,14,Automne
685,2021-11-15 12:00:00,2021,11,15,Automne
686,2021-11-16 12:00:00,2021,11,16,Automne
687,2021-11-17 12:00:00,2021,11,17,Automne
688,2021-11-18 12:00:00,2021,11,18,Automne
689,2021-11-19 12:00:00,2021,11,19,Automne
690,2021-11-20 12:00:00,2021,11,20,Automne
691,2021-11-21 12:00:00,2021,11,21,Automne
692,2021-11-22 12:00:00,2021,11,22,Automne
693,2021-11-23 12:00:00,2021,11,23,Automne
694,2021-11-24 12:00:00,2021,11,24,Automne
695,2021-11-25 12:00:00,2021,11,25,Automne
696,2021-11-26 12:00:00,2021,11,26,Automne
697,2021-11-27 12:00:00,2021,11,27,Automne
698,2021-11-28 12:00:00,2021,11,28,Automne
699,2021-11-29 12:00:00,2021,11,29,Automne
700,2021-11-30 12:00:00,2021,11,30,Automne
701,2021-12-01 12:00:00,2021,12,1,Hiver
702,2021-12-02 12:00:00,2021,12,2,Hiver
703,2021-12-03 12:00:00,2021,12,3,Hiver
704,2021-12-04 12:00:00,2021,12,4,Hiver
705,2021-12-05 12:00:00,2021,12,5,Hiver
706,2021-12-06 12:00:00,2021,12,6,Hiver
707,2021-12-07 12:00:00,2021,12,7,Hiver
708,2021-12-08 12:00:00,2021,12,8,Hiver
709,2021-12-09 12:00:00,2021,12,9,Hiver
710,2021-12-10 12:00:00,2021,12,10,Hiver
711,2021-12-11 12:00:00,2021,12,11,Hiver
712,2021-12-12 12:00:00,2021,12,12,Hiver
713,2021-12-13 12:00:00,2021,12,13,Hiver
714,2021-12-14 12:00:00,2021,12,14,Hiver
715,2021-12-15 12:00:00,2021,12,15,Hiver
716,2021-12-16 12:00:00,2021,12,16,Hiver
717,2021-12-17 12:00:00,2021,12,17,Hiver
718,2021-12-18 12:00:00,2021,12,18,Hiver
719,2021-12-19 12:00:00,2021,12,19,Hiver
720,2021-12-20 12:00:00,2021,12,20,Hiver
721,2021-12-21 12:00:00,2021,12,21,Hiver
722,2021-12-22 12:00:00,2021,12,22,Hiver
723,2021-12-23 12:00:00,2021,12,23,Hiver
724,2021-12-24 12:00:00,2021,12,24,Hiver
725,2021-12-25 12:00:00,2021,12,25,Hiver
726,2021-12-26 12:00:00,2021,12,26,Hiver
727,2021-12-27 12:00:00,2021,12,27,Hiver
728,2021-12-28 12:00:00,2021,12,28,Hiver
729,2021-12-29 12:00:00,2021,12,29,Hiver
730,2021-12-30 12:00:00,2021,12,30,Hiver
731,2021-12-31 12:00:00,2021,12,31,Hiver
732,2022-01-01 12:00:00,2022,1,1,Hiver
733,2022-01-02 12:00:00,2022,1,2,Hiver
734,2022-01-03 12:00:00,2022,1,3,Hiver
735,2022-01-04 12:00:00,2022,1,4,Hiver
736,2022-01-05 12:00:00,2022,1,5,Hiver
737,2022-01-06 12:00:00,2022,1,6,Hiver
738,2022-01-07 12:00:00,2022,1,7,Hiver
739,2022-01-08 12:00:00,2022,1,8,Hiver
740,2022-01-09 12:00:00,2022,1,9,Hiver
741,2022-01-10 12:00:00,2022,1,10,Hiver
742,2022-01-11 12:00:00,2022,1,11,Hiver
743,2022-01-12 12:00:00,2022,1,12,Hiver
744,2022-01-13 12:00:00,2022,1,13,Hiver
745,2022-01-14 12:00:00,2022,1,14,Hiver
746,2022-01-15 12:00:00,2022,1,15,Hiver
747,2022-01-16 12:00:00,2022,1,16,Hiver
748,2022-01-17 12:00:00,2022,1,17,Hiver
749,2022-01-18 12:00:00,2022,1,18,Hiver
750,2022-01-19 12:00:00,2022,1,19,Hiver
751,2022-01-20 12:00:00,2022,1,20,Hiver
752,2022-01-21 12:00:00,2022,1,21,Hiver
753,2022-01-22 12:00:00,2022,1,22,Hiver
754,2022-01-23 12:00:00,2022,1,23,Hiver
755,2022-01-24 12:00:00,2022,1,24,Hiver
756,2022-01-25 12:00:00,2022,1,25,Hiver
757,2022-01-26 12:00:00,2022,1,26,Hiver
758,2022-01-27 12:00:00,2022,1,27,Hiver
759,2022-01-28 12:00:00,2022,1,28,Hiver
760,2022-01-29 12:00:00,2022,1,29,Hiver
761,2022-01-30 12:00:00,2022,1,30,Hiver
762,2022-01-31 12:00:00,2022,1,31,Hiver
763,2022-02-01 12:00:00,2022,2,1,Hiver
764,2022-02-02 12:00:00,2022,2,2,Hiver
765,2022-02-03 12:00:00,2022,2,3,Hiver
766,2022-02-04 12:00:00,2022,2,4,Hiver
767,2022-02-05 12:00:00,2022,2,5,Hiver
768,2022-02-06 12:00:00,2022,2,6,Hiver
769,2022-02-07 12:00:00,2022,2,7,Hiver
770,2022-02-08 12:00:00,2022,2,8,Hiver
771,2022-02-09 12:00:00,2022,2,9,Hiver
772,2022-02-10 12:00:00,2022,2,10,Hiver
773,2022-02-11 12:00:00,2022,2,11,Hiver
774,2022-02-12 12:00:00,2022,2,12,Hiver
775,2022-02-13 12:00:00,2022,2,13,Hiver
776,2022-02-14 12:00:00,2022,2,14,Hiver
777,2022-02-15 12:00:00,2022,2,15,Hiver
778,2022-02-16 12:00:00,2022,2,16,Hiver
779,2022-02-17 12:00:00,2022,2,17,Hiver
780,2022-02-18 12:00:00,2022,2,18,Hiver
781,2022-02-19 12:00:00,2022,2,19,Hiver
782,2022-02-20 12:00:00,2022,2,20,Hiver
783,2022-02-21 12:00:00,2022,2,21,Hiver
784,2022-02-22 12:00:00,2022,2,22,Hiver
785,2022-02-23 12:00:00,2022,2,23,Hiver
786,2022-02-24 12:00:00,2022,2,24,Hiver
787,2022-02-25 12:00:00,2022,2,25,Hiver
788,2022-02-26 12:00:00,2022,2,26,Hiver
789,2022-02-27 12:00:00,2022,2,27,Hiver
790,2022-02-28 12:00:00,2022,2,28,Hiver
791,2022-03-01 12:00:00,2022,3,1,Printemps
792,2022-03-02 12:00:00,2022,3,2,Printemps
793,2022-03-03 12:00:00,2022,3,3,Printemps
794,2022-03-04 12:00:00,2022,3,4,Printemps
795,2022-03-05 12:00:00,2022,3,5,Printemps
796,2022-03-06 12:00:00,2022,3,6,Printemps
797,2022-03-07 12:00:00,2022,3,7,Printemps
798,2022-03-08 12:00:00,2022,3,8,Printemps
799,2022-03-09 12:00:00,2022,3,9,Printemps
800,2022-03-10 12:00:00,2022,3,10,Printemps
801,2022-03-11 12:00:00,2022,3,11,Printemps
802,2022-03-12 12:00:00,2022,3,12,Printemps
803,2022-03-13 12:00:00,2022,3,13,Printemps
804,2022-03-14 12:00:00,2022,3,14,Printemps
805,2022-03-15 12:00:00,2022,3,15,Printemps
806,2022-03-16 12:00:00,2022,3,16,Printemps
807,2022-03-17 12:00:00,2022,3,17,Printemps
808,2022-03-18 12:00:00,2022,3,18,Printemps
809,2022-03-19 12:00:00,2022,3,19,Printemps
810,2022-03-20 12:00:00,2022,3,20,Printemps
811,2022-03-21 12:00:00,2022,3,21,Printemps
812,2022-03-22 12:00:00,2022,3,22,Printemps
813,2022-03-23 12:00:00,2022,3,23,Printemps
814,2022-03-24 12:00:00,2022,3,24,Printemps
815,2022-03-25 12:00:00,2022,3,25,Printemps
816,2022-03-26 12:00:00,2022,3,26,Printemps
817,2022-03-27 12:00:00,2022,3,27,Printemps
818,2022-03-28 12:00:00,2022,3,28,Printemps
819,2022-03-29 12:00:00,2022,3,29,Printemps
820,2022-03-30 12:00:00,2022,3,30,Printemps
821,2022-03-31 12:00:00,2022,3,31,Printemps
822,2022-04-01 12:00:00,2022,4,1,Printemps
823,2022-04-02 12:00:00,2022,4,2,Printemps
824,2022-04-03 12:00:00,2022,4,3,Printemps
825,2022-04-04 12:00:00,2022,4,4,Printemps
826,2022-04-05 12:00:00,2022,4,5,Printemps
827,2022-04-06 12:00:00,2022,4,6,Printemps
828,2022-04-07 12:00:00,2022,4,7,Printemps
829,2022-04-08 12:00:00,2022,4,8,Printemps
830,2022-04-09 12:00:00,2022,4,9,Printemps
831,2022-04-10 12:00:00,2022,4,10,Printemps
832,2022-04-11 12:00:00,2022,4,11,Printemps
833,2022-04-12 12:00:00,2022,4,12,Printemps
834,2022-04-13 12:00:00,2022,4,13,Printemps
835,2022-04-14 12:00:00,2022,4,14,Printemps
836,2022-04-15 12:00:00,2022,4,15,Printemps
837,2022-04-16 12:00:00,2022,4,16,Printemps
838,2022-04-17 12:00:00,2022,4,17,Printemps
839,2022-04-18 12:00:00,2022,4,18,Printemps
840,2022-04-19 12:00:00,2022,4,19,Printemps
841,2022-04-20 12:00:00,2022,4,20,Printemps
842,2022-04-21 12:00:00,2022,4,21,Printemps
843,2022-04-22 12:00:00,2022,4,22,Printemps
844,2022-04-23 12:00:00,2022,4,23,Printemps
845,2022-04-24 12:00:00,2022,4,24,Printemps
846,2022-04-25 12:00:00,2022,4,25,Printemps
847,2022-04-26 12:00:00,2022,4,26,Printemps
848,2022-04-27 12:00:00,2022,4,27,Printemps
849,2022-04-28 12:00:00,2022,4,28,Printemps
850,2022-04-29 12:00:00,2022,4,29,Printemps
851,2022-04-30 12:00:00,2022,4,30,Printemps
852,2022-05-01 12:00:00,2022,5,1,Printemps
853,2022-05-02 12:00:00,2022,5,2,Printemps
854,2022-05-03 12:00:00,2022,5,3,Printemps
855,2022-05-04 12:00:00,2022,5,4,Printemps
856,2022-05-05 12:00:00,2022,5,5,Printemps
857,2022-05-06 12:00:00,2022,5,6,Printemps
858,2022-05-07 12:00:00,2022,5,7,Printemps
859,2022-05-08 12:00:00,2022,5,8,Printemps
860,2022-05-09 12:00:00,2022,5,9,Printemps
861,2022-05-10 12:00:00,2022,5,10,Printemps
862,2022-05-11 12:00:00,2022,5,11,Printemps
863,2022-05-12 12:00:00,2022,5,12,Printemps
864,2022-05-13 12:00:00,2022,5,13,Printemps
865,2022-05-14 12:00:00,2022,5,14,Printemps
866,2022-05-15 12:00:00,2022,5,15,Printemps
867,2022-05-16 12:00:00,2022,5,16,Printemps
868,2022-05-17 12:00:00,2022,5,17,Printemps
869,2022-05-18 12:00:00,2022,5,18,Printemps
870,2022-05-19 12:00:00,2022,5,19,Printemps
871,2022-05-20 12:00:00,2022,5,20,Printemps
872,2022-05-21 12:00:00,2022,5,21,Printemps
873,2022-05-22 12:00:00,2022,5,22,Printemps
874,2022-05-23 12:00:00,2022,5,23,Printemps
875,2022-05-24 12:00:00,2022,5,24,Printemps
876,2022-05-25 12:00:00,2022,5,25,Printemps
877,2022-05-26 12:00:00,2022,5,26,Printemps
878,2022-05-27 12:00:00,2022,5,27,Printemps
879,2022-05-28 12:00:00,2022,5,28,Printemps
880,2022-05-29 12:00:00,2022,5,29,Printemps
881,2022-05-30 12:00:00,2022,5,30,Printemps
882,2022-05-31 12:00:00,2022,5,31,Printemps
883,2022-06-01 12:00:00,2022,6,1,Été
884,2022-06-02 12:00:00,2022,6,2,Été
885,2022-06-03 12:00:00,2022,6,3,Été
886,2022-06-04 12:00:00,2022,6,4,Été
887,2022-06-05 12:00:00,2022,6,5,Été
888,2022-06-06 12:00:00,2022,6,6,Été
889,2022-06-07 12:00:00,2022,6,7,Été
890,2022-06-08 12:00:00,2022,6,8,Été
891,2022-06-09 12:00:00,2022,6,9,Été
892,2022-06-10 12:00:00,2022,6,10,Été
893,2022-06-11 12:00:00,2022,6,11,Été
894,2022-06-12 12:00:00,2022,6,12,Été
895,2022-06-13 12:00:00,2022,6,13,Été
896,2022-06-14 12:00:00,2022,6,14,Été
897,2022-06-15 12:00:00,2022,6,15,Été
898,2022-06-16 12:00:00,2022,6,16,Été
899,2022-06-17 12:00:00,2022,6,17,Été
900,2022-06-18 12:00:00,2022,6,18,Été
901,2022-06-19 12:00:00,2022,6,19,Été
902,2022-06-20 12:00:00,2022,6,20,Été
903,2022-06-21 12:00:00,2022,6,21,Été
904,2022-06-22 12:00:00,2022,6,22,Été
905,2022-06-23 12:00:00,2022,6,23,Été
906,2022-06-24 12:00:00,2022,6,24,Été
907,2022-06-25 12:00:00,2022,6,25,Été
908,2022-06-26 12:00:00,2022,6,26,Été
909,2022-06-27 12:00:00,2022,6,27,Été
910,2022-06-28 12:00:00,2022,6,28,Été
911,2022-06-29 12:00:00,2022,6,29,Été
912,2022-06-30 12:00:00,2022,6,30,Été
913,2022-07-01 12:00:00,2022,7,1,Été
914,2022-07-02 12:00:00,2022,7,2,Été
915,2022-07-03 12:00:00,2022,7,3,Été
916,2022-07-04 12:00:00,2022,7,4,Été
917,2022-07-05 12:00:00,2022,7,5,Été
918,2022-07-06 12:00:00,2022,7,6,Été
919,2022-07-07 12:00:00,2022,7,7,Été
920,2022-07-08 12:00:00,2022,7,8,Été
921,2022-07-09 12:00:00,2022,7,9,Été
922,2022-07-10 12:00:00,2022,7,10,Été
923,2022-07-11 12:00:00,2022,7,11,Été
924,2022-07-12 12:00:00,2022,7,12,Été
925,2022-07-13 12:00:00,2022,7,13,Été
926,2022-07-14 12:00:00,2022,7,14,Été
927,2022-07-15 12:00:00,2022,7,15,Été
928,2022-07-16 12:00:00,2022,7,16,Été
929,2022-07-17 12:00:00,2022,7,17,Été
930,2022-07-18 12:00:00,2022,7,18,Été
931,2022-07-19 12:00:00,2022,7,19,Été
932,2022-07-20 12:00:00,2022,7,20,Été
933,2022-07-21 12:00:00,2022,7,21,Été
934,2022-07-22 12:00:00,2022,7,22,Été
935,2022-07-23 12:00:00,2022,7,23,Été
936,2022-07-24 12:00:00,2022,7,24,Été
937,2022-07-25 12:00:00,2022,7,25,Été
938,2022-07-26 12:00:00,2022,7,26,Été
939,2022-07-27 12:00:00,2022,7,27,Été
940,2022-07-28 12:00:00,2022,7,28,Été
941,2022-07-29 12:00:00,2022,7,29,Été
942,2022-07-30 12:00:00,2022,7,30,Été
943,2022-07-31 12:00:00,2022,7,31,Été
944,2022-08-01 12:00:00,2022,8,1,Été
945,2022-08-02 12:00:00,2022,8,2,Été
946,2022-08-03 12:00:00,2022,8,3,Été
947,2022-08-04 12:00:00,2022,8,4,Été
948,2022-08-05 12:00:00,2022,8,5,Été
949,2022-08-06 12:00:00,2022,8,6,Été
950,2022-08-07 12:00:00,2022,8,7,Été
951,2022-08-08 12:00:00,2022,8,8,Été
952,2022-08-09 12:00:00,2022,8,9,Été
953,2022-08-10 12:00:00,2022,8,10,Été
954,2022-08-11 12:00:00,2022,8,11,Été
955,2022-08-12 12:00:00,2022,8,12,Été
956,2022-08-13 12:00:00,2022,8,13,Été
957,2022-08-14 12:00:00,2022,8,14,Été
958,2022-08-15 12:00:00,2022,8,15,Été
959,2022-08-16 12:00:00,2022,8,16,Été
960,2022-08-17 12:00:00,2022,8,17,Été
961,2022-08-18 12:00:00,2022,8,18,Été
962,2022-08-19 12:00:00,2022,8,19,Été
963,2022-08-20 12:00:00,2022,8,20,Été
964,2022-08-21 12:00:00,2022,8,21,Été
965,2022-08-22 12:00:00,2022,8,22,Été
966,2022-08-23 12:00:00,2022,8,23,Été
967,2022-08-24 12:00:00,2022,8,24,Été
968,2022-08-25 12:00:00,2022,8,25,Été
969,2022-08-26 12:00:00,2022,8,26,Été
970,2022-08-27 12:00:00,2022,8,27,Été
971,2022-08-28 12:00:00,2022,8,28,Été
972,2022-08-29 12:00:00,2022,8,29,Été
973,2022-08-30 12:00:00,2022,8,30,Été
974,2022-08-31 12:00:00,2022,8,31,Été
975,2022-09-01 12:00:00,2022,9,1,Automne
976,2022-09-02 12:00:00,2022,9,2,Automne
977,2022-09-03 12:00:00,2022,9,3,Automne
978,2022-09-04 12:00:00,2022,9,4,Automne
979,2022-09-05 12:00:00,2022,9,5,Automne
980,2022-09-06 12:00:00,2022,9,6,Automne
981,2022-09-07 12:00:00,2022,9,7,Automne
982,2022-09-08 12:00:00,2022,9,8,Automne
983,2022-09-09 12:00:00,2022,9,9,Automne
984,2022-09-10 12:00:00,2022,9,10,Automne
985,2022-09-11 12:00:00,2022,9,11,Automne
986,2022-09-12 12:00:00,2022,9,12,Automne
987,2022-09-13 12:00:00,2022,9,13,Automne
988,2022-09-14 12:00:00,2022,9,14,Automne
989,2022-09-15 12:00:00,2022,9,15,Automne
990,2022-09-16 12:00:00,2022,9,16,Automne
991,2022-09-17 12:00:00,2022,9,17,Automne
992,2022-09-18 12:00:00,2022,9,18,Automne
993,2022-09-19 12:00:00,2022,9,19,Automne
994,2022-09-20 12:00:00,2022,9,20,Automne
995,2022-09-21 12:00:00,2022,9,21,Automne
996,2022-09-22 12:00:00,2022,9,22,Automne
997,2022-09-23 12:00:00,2022,9,23,Automne
998,2022-09-24 12:00:00,2022,9,24,Automne
999,2022-09-25 12:00:00,2022,9,25,Automne
1000,2022-09-26 12:00:00,2022,9,26,Automne
1001,2022-09-27 12:00:00,2022,9,27,Automne
1002,2022-09-28 12:00:00,2022,9,28,Automne
1003,2022-09-29 12:00:00,2022,9,29,Automne
1004,2022-09-30 12:00:00,2022,9,30,Automne
1005,2022-10-01 12:00:00,2022,10,1,Automne
1006,2022-10-02 12:00:00,2022,10,2,Automne
1007,2022-10-03 12:00:00,2022,10,3,Automne
1008,2022-10-04 12:00:00,2022,10,4,Automne
1009,2022-10-05 12:00:00,2022,10,5,Automne
1010,2022-10-06 12:00:00,2022,10,6,Automne
1011,2022-10-07 12:00:00,2022,10,7,Automne
1012,2022-10-08 12:00:00,2022,10,8,Automne
1013,2022-10-09 12:00:00,2022,10,9,Automne
1014,2022-10-10 12:00:00,2022,10,10,Automne
1015,2022-10-11 12:00:00,2022,10,11,Automne
1016,2022-10-12 12:00:00,2022,10,12,Automne
1017,2022-10-13 12:00:00,2022,10,13,Automne
1018,2022-10-14 12:00:00,2022,10,14,Automne
1019,2022-10-15 12:00:00,2022,10,15,Automne
1020,2022-10-16 12:00:00,2022,10,16,Automne
1021,2022-10-17 12:00:00,2022,10,17,Automne
1022,2022-10-18 12:00:00,2022,10,18,Automne
1023,2022-10-19 12:00:00,2022,10,19,Automne
1024,2022-10-20 12:00:00,2022,10,20,Automne
1025,2022-10-21 12:00:00,2022,10,21,Automne
1026,2022-10-22 12:00:00,2022,10,22,Automne
1027,2022-10-23 12:00:00,2022,10,23,Automne
1028,2022-10-24 12:00:00,2022,10,24,Automne
1029,2022-10-25 12:00:00,2022,10,25,Automne
1030,2022-10-26 12:00:00,2022,10,26,Automne
1031,2022-10-27 12:00:00,2022,10,27,Automne
1032,2022-10-28 12:00:00,2022,10,28,Automne
1033,2022-10-29 12:00:00,2022,10,29,Automne
1034,2022-10-30 12:00:00,2022,10,30,Automne
1035,2022-10-31 12:00:00,2022,10,31,Automne
1036,2022-11-01 12:00:00,2022,11,1,Automne
1037,2022-11-02 12:00:00,2022,11,2,Automne
1038,2022-11-03 12:00:00,2022,11,3,Automne
1039,2022-11-04 12:00:00,2022,11,4,Automne
1040,2022-11-05 12:00:00,2022,11,5,Automne
1041,2022-11-06 12:00:00,2022,11,6,Automne
1042,2022-11-07 12:00:00,2022,11,7,Automne
1043,2022-11-08 12:00:00,2022,11,8,Automne
1044,2022-11-09 12:00:00,2022,11,9,Automne
1045,2022-11-10 12:00:00,2022,11,10,Automne
1046,2022-11-11 12:00:00,2022,11,11,Automne
1047,2022-11-12 12:00:00,2022,11,12,Automne
1048,2022-11-13 12:00:00,2022,11,13,Automne
1049,2022-11-14 12:00:00,2022,11,14,Automne
1050,2022-11-15 12:00:00,2022,11,15,Automne
1051,2022-11-16 12:00:00,2022,11,16,Automne
1052,2022-11-17 12:00:00,2022,11,17,Automne
1053,2022-11-18 12:00:00,2022,11,18,Automne
1054,2022-11-19 12:00:00,2022,11,19,Automne
1055,2022-11-20 12:00:00,2022,11,20,Automne
1056,2022-11-21 12:00:00,2022,11,21,Automne
1057,2022-11-22 12:00:00,2022,11,22,Automne
1058,2022-11-23 12:00:00,2022,11,23,Automne
1059,2022-11-24 12:00:00,2022,11,24,Automne
1060,2022-11-25 12:00:00,2022,11,25,Automne
1061,2022-11-26 12:00:00,2022,11,26,Automne
1062,2022-11-27 12:00:00,2022,11,27,Automne
1063,2022-11-28 12:00:00,2022,11,28,Automne
1064,2022-11-29 12:00:00,2022,11,29,Automne
1065,2022-11-30 12:00:00,2022,11,30,Automne
1066,2022-12-01 12:00:00,2022,12,1,Hiver
1067,2022-12-02 12:00:00,2022,12,2,Hiver
1068,2022-12-03 12:00:00,2022,12,3,Hiver
1069,2022-12-04 12:00:00,2022,12,4,Hiver
1070,2022-12-05 12:00:00,2022,12,5,Hiver
1071,2022-12-06 12:00:00,2022,12,6,Hiver
1072,2022-12-07 12:00:00,2022,12,7,Hiver
1073,2022-12-08 12:00:00,2022,12,8,Hiver
1074,2022-12-09 12:00:00,2022,12,9,Hiver
1075,2022-12-10 12:00:00,2022,12,10,Hiver
1076,2022-12-11 12:00:00,2022,12,11,Hiver
1077,2022-12-12 12:00:00,2022,12,12,Hiver
1078,2022-12-13 12:00:00,2022,12,13,Hiver
1079,2022-12-14 12:00:00,2022,12,14,Hiver
1080,2022-12-15 12:00:00,2022,12,15,Hiver
1081,2022-12-16 12:00:00,2022,12,16,Hiver
1082,2022-12-17 12:00:00,2022,12,17,Hiver
1083,2022-12-18 12:00:00,2022,12,18,Hiver
1084,2022-12-19 12:00:00,2022,12,19,Hiver
1085,2022-12-20 12:00:00,2022,12,20,Hiver
1086,2022-12-21 12:00:00,2022,12,21,Hiver
1087,2022-12-22 12:00:00,2022,12,22,Hiver
1088,2022-12-23 12:00:00,2022,12,23,Hiver
1089,2022-12-24 12:00:00,2022,12,24,Hiver
1090,2022-12-25 12:00:00,2022,12,25,Hiver
1091,2022-12-26 12:00:00,2022,12,26,Hiver
1092,2022-12-27 12:00:00,2022,12,27,Hiver
1093,2022-12-28 12:00:00,2022,12,28,Hiver
1094,2022-12-29 12:00:00,2022,12,29,Hiver
1095,2022-12-30 12:00:00,2022,12,30,Hiver
1096,2022-12-31 12:00:00,2022,12,31,Hiver
1097,2023-01-01 12:00:00,2023,1,1,Hiver
1098,2023-01-02 12:00:00,2023,1,2,Hiver
1099,2023-01-03 12:00:00,2023,1,3,Hiver
1100,2023-01-04 12:00:00,2023,1,4,Hiver
1101,2023-01-05 12:00:00,2023,1,5,Hiver
1102,2023-01-06 12:00:00,2023,1,6,Hiver
1103,2023-01-07 12:00:00,2023,1,7,Hiver
1104,2023-01-08 12:00:00,2023,1,8,Hiver
1105,2023-01-09 12:00:00,2023,1,9,Hiver
1106,2023-01-10 12:00:00,2023,1,10,Hiver
1107,2023-01-11 12:00:00,2023,1,11,Hiver
1108,2023-01-12 12:00:00,2023,1,12,Hiver
1109,2023-01-13 12:00:00,2023,1,13,Hiver
1110,2023-01-14 12:00:00,2023,1,14,Hiver
1111,2023-01-15 12:00:00,2023,1,15,Hiver
1112,2023-01-16 12:00:00,2023,1,16,Hiver
1113,2023-01-17 12:00:00,2023,1,17,Hiver
1114,2023-01-18 12:00:00,2023,1,18,Hiver
1115,2023-01-19 12:00:00,2023,1,19,Hiver
1116,2023-01-20 12:00:00,2023,1,20,Hiver
1117,2023-01-21 12:00:00,2023,1,21,Hiver
1118,2023-01-22 12:00:00,2023,1,22,Hiver
1119,2023-01-23 12:00:00,2023,1,23,Hiver
1120,2023-01-24 12:00:00,2023,1,24,Hiver
1121,2023-01-25 12:00:00,2023,1,25,Hiver
1122,2023-01-26 12:00:00,2023,1,26,Hiver
1123,2023-01-27 12:00:00,2023,1,27,Hiver
1124,2023-01-28 12:00:00,2023,1,28,Hiver
1125,2023-01-29 12:00:00,2023,1,29,Hiver
1126,2023-01-30 12:00:00,2023,1,30,Hiver
1127,2023-01-31 12:00:00,2023,1,31,Hiver
1128,2023-02-01 12:00:00,2023,2,1,Hiver
1129,2023-02-02 12:00:00,2023,2,2,Hiver
1130,2023-02-03 12:00:00,2023,2,3,Hiver
1131,2023-02-04 12:00:00,2023,2,4,Hiver
1132,2023-02-05 12:00:00,2023,2,5,Hiver
1133,2023-02-06 12:00:00,2023,2,6,Hiver
1134,2023-02-07 12:00:00,2023,2,7,Hiver
1135,2023-02-08 12:00:00,2023,2,8,Hiver
1136,2023-02-09 12:00:00,2023,2,9,Hiver
1137,2023-02-10 12:00:00,2023,2,10,Hiver
1138,2023-02-11 12:00:00,2023,2,11,Hiver
1139,2023-02-12 12:00:00,2023,2,12,Hiver
1140,2023-02-13 12:00:00,2023,2,13,Hiver
1141,2023-02-14 12:00:00,2023,2,14,Hiver
1142,2023-02-15 12:00:00,2023,2,15,Hiver
1143,2023-02-16 12:00:00,2023,2,16,Hiver
1144,2023-02-17 12:00:00,2023,2,17,Hiver
1145,2023-02-18 12:00:00,2023,2,18,Hiver
1146,2023-02-19 12:00:00,2023,2,19,Hiver
1147,2023-02-20 12:00:00,2023,2,20,Hiver
1148,2023-02-21 12:00:00,2023,2,21,Hiver
1149,2023-02-22 12:00:00,2023,2,22,Hiver
1150,2023-02-23 12:00:00,2023,2,23,Hiver
1151,2023-02-24 12:00:00,2023,2,24,Hiver
1152,2023-02-25 12:00:00,2023,2,25,Hiver
1153,2023-02-26 12:00:00,2023,2,26,Hiver
1154,2023-02-27 12:00:00,2023,2,27,Hiver
1155,2023-02-28 12:00:00,2023,2,28,Hiver
1156,2023-03-01 12:00:00,2023,3,1,Printemps
1157,2023-03-02 12:00:00,2023,3,2,Printemps
1158,2023-03-03 12:00:00,2023,3,3,Printemps
1159,2023-03-04 12:00:00,2023,3,4,Printemps
1160,2023-03-05 12:00:00,2023,3,5,Printemps
1161,2023-03-06 12:00:00,2023,3,6,Printemps
1162,2023-03-07 12:00:00,2023,3,7,Printemps
1163,2023-03-08 12:00:00,2023,3,8,Printemps
1164,2023-03-09 12:00:00,2023,3,9,Printemps
1165,2023-03-10 12:00:00,2023,3,10,Printemps
1166,2023-03-11 12:00:00,2023,3,11,Printemps
1167,2023-03-12 12:00:00,2023,3,12,Printemps
1168,2023-03-13 12:00:00,2023,3,13,Printemps
1169,2023-03-14 12:00:00,2023,3,14,Printemps
1170,2023-03-15 12:00:00,2023,3,15,Printemps
1171,2023-03-16 12:00:00,2023,3,16,Printemps
1172,2023-03-17 12:00:00,2023,3,17,Printemps
1173,2023-03-18 12:00:00,2023,3,18,Printemps
1174,2023-03-19 12:00:00,2023,3,19,Printemps
1175,2023-03-20 12:00:00,2023,3,20,Printemps
1176,2023-03-21 12:00:00,2023,3,21,Printemps
1177,2023-03-22 12:00:00,2023,3,22,Printemps
1178,2023-03-23 12:00:00,2023,3,23,Printemps
1179,2023-03-24 12:00:00,2023,3,24,Printemps
1180,2023-03-25 12:00:00,2023,3,25,Printemps
1181,2023-03-26 12:00:00,2023,3,26,Printemps
1182,2023-03-27 12:00:00,2023,3,27,Printemps
1183,2023-03-28 12:00:00,2023,3,28,Printemps
1184,2023-03-29 12:00:00,2023,3,29,Printemps
1185,2023-03-30 12:00:00,2023,3,30,Printemps
1186,2023-03-31 12:00:00,2023,3,31,Printemps
1187,2023-04-01 12:00:00,2023,4,1,Printemps
1188,2023-04-02 12:00:00,2023,4,2,Printemps
1189,2023-04-03 12:00:00,2023,4,3,Printemps
1190,2023-04-04 12:00:00,2023,4,4,Printemps
1191,2023-04-05 12:00:00,2023,4,5,Printemps
1192,2023-04-06 12:00:00,2023,4,6,Printemps
1193,2023-04-07 12:00:00,2023,4,7,Printemps
1194,2023-04-08 12:00:00,2023,4,8,Printemps
1195,2023-04-09 12:00:00,2023,4,9,Printemps
1196,2023-04-10 12:00:00,2023,4,10,Printemps
1197,2023-04-11 12:00:00,2023,4,11,Printemps
1198,2023-04-12 12:00:00,2023,4,12,Printemps
1199,2023-04-13 12:00:00,2023,4,13,Printemps
1200,2023-04-14 12:00:00,2023,4,14,Printemps
1201,2023-04-15 12:00:00,2023,4,15,Printemps
1202,2023-04-16 12:00:00,2023,4,16,Printemps
1203,2023-04-17 12:00:00,2023,4,17,Printemps
1204,2023-04-18 12:00:00,2023,4,18,Printemps
1205,2023-04-19 12:00:00,2023,4,19,Printemps
1206,2023-04-20 12:00:00,2023,4,20,Printemps
1207,2023-04-21 12:00:00,2023,4,21,Printemps
1208,2023-04-22 12:00:00,2023,4,22,Printemps
1209,2023-04-23 12:00:00,2023,4,23,Printemps
1210,2023-04-24 12:00:00,2023,4,24,Printemps
1211,2023-04-25 12:00:00,2023,4,25,Printemps
1212,2023-04-26 12:00:00,2023,4,26,Printemps
1213,2023-04-27 12:00:00,2023,4,27,Printemps
1214,2023-04-28 12:00:00,2023,4,28,Printemps
1215,2023-04-29 12:00:00,2023,4,29,Printemps
1216,2023-04-30 12:00:00,2023,4,30,Printemps
1217,2023-05-01 12:00:00,2023,5,1,Printemps
1218,2023-05-02 12:00:00,2023,5,2,Printemps
1219,2023-05-03 12:00:00,2023,5,3,Printemps
1220,2023-05-04 12:00:00,2023,5,4,Printemps
1221,2023-05-05 12:00:00,2023,5,5,Printemps
1222,2023-05-06 12:00:00,2023,5,6,Printemps
1223,2023-05-07 12:00:00,2023,5,7,Printemps
1224,2023-05-08 12:00:00,2023,5,8,Printemps
1225,2023-05-09 12:00:00,2023,5,9,Printemps
1226,2023-05-10 12:00:00,2023,5,10,Printemps
1227,2023-05-11 12:00:00,2023,5,11,Printemps
1228,2023-05-12 12:00:00,2023,5,12,Printemps
1229,2023-05-13 12:00:00,2023,5,13,Printemps
1230,2023-05-14 12:00:00,2023,5,14,Printemps
1231,2023-05-15 12:00:00,2023,5,15,Printemps
1232,2023-05-16 12:00:00,2023,5,16,Printemps
1233,2023-05-17 12:00:00,2023,5,17,Printemps
1234,2023-05-18 12:00:00,2023,5,18,Printemps
1235,2023-05-19 12:00:00,2023,5,19,Printemps
1236,2023-05-20 12:00:00,2023,5,20,Printemps
1237,2023-05-21 12:00:00,2023,5,21,Printemps
1238,2023-05-22 12:00:00,2023,5,22,Printemps
1239,2023-05-23 12:00:00,2023,5,23,Printemps
1240,2023-05-24 12:00:00,2023,5,24,Printemps
1241,2023-05-25 12:00:00,2023,5,25,Printemps
1242,2023-05-26 12:00:00,2023,5,26,Printemps
1243,2023-05-27 12:00:00,2023,5,27,Printemps
1244,2023-05-28 12:00:00,2023,5,28,Printemps
1245,2023-05-29 12:00:00,2023,5,29,Printemps
1246,2023-05-30 12:00:00,2023,5,30,Printemps
1247,2023-05-31 12:00:00,2023,5,31,Printemps
1248,2023-06-01 12:00:00,2023,6,1,Été
1249,2023-06-02 12:00:00,2023,6,2,Été
1250,2023-06-03 12:00:00,2023,6,3,Été
1251,2023-06-04 12:00:00,2023,6,4,Été
1252,2023-06-05 12:00:00,2023,6,5,Été
1253,2023-06-06 12:00:00,2023,6,6,Été
1254,2023-06-07 12:00:00,2023,6,7,Été
1255,2023-06-08 12:00:00,2023,6,8,Été
1256,2023-06-09 12:00:00,2023,6,9,Été
1257,2023-06-10 12:00:00,2023,6,10,Été
1258,2023-06-11 12:00:00,2023,6,11,Été
1259,2023-06-12 12:00:00,2023,6,12,Été
1260,2023-06-13 12:00:00,2023,6,13,Été
1261,2023-06-14 12:00:00,2023,6,14,Été
1262,2023-06-15 12:00:00,2023,6,15,Été
1263,2023-06-16 12:00:00,2023,6,16,Été
1264,2023-06-17 12:00:00,2023,6,17,Été
1265,2023-06-18 12:00:00,2023,6,18,Été
1266,2023-06-19 12:00:00,2023,6,19,Été
1267,2023-06-20 12:00:00,2023,6,20,Été
1268,2023-06-21 12:00:00,2023,6,21,Été
1269,2023-06-22 12:00:00,2023,6,22,Été
1270,2023-06-23 12:00:00,2023,6,23,Été
1271,2023-06-24 12:00:00,2023,6,24,Été
1272,2023-06-25 12:00:00,2023,6,25,Été
1273,2023-06-26 12:00:00,2023,6,26,Été
1274,2023-06-27 12:00:00,2023,6,27,Été
1275,2023-06-28 12:00:00,2023,6,28,Été
1276,2023-06-29 12:00:00,2023,6,29,Été
1277,2023-06-30 12:00:00,2023,6,30,Été
1278,2023-07-01 12:00:00,2023,7,1,Été
1279,2023-07-02 12:00:00,2023,7,2,Été
1280,2023-07-03 12:00:00,2023,7,3,Été
1281,2023-07-04 12:00:00,2023,7,4,Été
1282,2023-07-05 12:00:00,2023,7,5,Été
1283,2023-07-06 12:00:00,2023,7,6,Été
1284,2023-07-07 12:00:00,2023,7,7,Été
1285,2023-07-08 12:00:00,2023,7,8,Été
1286,2023-07-09 12:00:00,2023,7,9,Été
1287,2023-07-10 12:00:00,2023,7,10,Été
1288,2023-07-11 12:00:00,2023,7,11,Été
1289,2023-07-12 12:00:00,2023,7,12,Été
1290,2023-07-13 12:00:00,2023,7,13,Été
1291,2023-07-14 12:00:00,2023,7,14,Été
1292,2023-07-15 12:00:00,2023,7,15,Été
1293,2023-07-16 12:00:00,2023,7,16,Été
1294,2023-07-17 12:00:00,2023,7,17,Été
1295,2023-07-18 12:00:00,2023,7,18,Été
1296,2023-07-19 12:00:00,2023,7,19,Été
1297,2023-07-20 12:00:00,2023,7,20,Été
1298,2023-07-21 12:00:00,2023,7,21,Été
1299,2023-07-22 12:00:00,2023,7,22,Été
1300,2023-07-23 12:00:00,2023,7,23,Été
1301,2023-07-24 12:00:00,2023,7,24,Été
1302,2023-07-25 12:00:00,2023,7,25,Été
1303,2023-07-26 12:00:00,2023,7,26,Été
1304,2023-07-27 12:00:00,2023,7,27,Été
1305,2023-07-28 12:00:00,2023,7,28,Été
1306,2023-07-29 12:00:00,2023,7,29,Été
1307,2023-07-30 12:00:00,2023,7,30,Été
1308,2023-07-31 12:00:00,2023,7,31,Été
1309,2023-08-01 12:00:00,2023,8,1,Été
1310,2023-08-02 12:00:00,2023,8,2,Été
1311,2023-08-03 12:00:00,2023,8,3,Été
1312,2023-08-04 12:00:00,2023,8,4,Été
1313,2023-08-05 12:00:00,2023,8,5,Été
1314,2023-08-06 12:00:00,2023,8,6,Été
1315,2023-08-07 12:00:00,2023,8,7,Été
1316,2023-08-08 12:00:00,2023,8,8,Été
1317,2023-08-09 12:00:00,2023,8,9,Été
1318,2023-08-10 12:00:00,2023,8,10,Été
1319,2023-08-11 12:00:00,2023,8,11,Été
1320,2023-08-12 12:00:00,2023,8,12,Été
1321,2023-08-13 12:00:00,2023,8,13,Été
1322,2023-08-14 12:00:00,2023,8,14,Été
1323,2023-08-15 12:00:00,2023,8,15,Été
1324,2023-08-16 12:00:00,2023,8,16,Été
1325,2023-08-17 12:00:00,2023,8,17,Été
1326,2023-08-18 12:00:00,2023,8,18,Été
1327,2023-08-19 12:00:00,2023,8,19,Été
1328,2023-08-20 12:00:00,2023,8,20,Été
1329,2023-08-21 12:00:00,2023,8,21,Été
1330,2023-08-22 12:00:00,2023,8,22,Été
1331,2023-08-23 12:00:00,2023,8,23,Été
1332,2023-08-24 12:00:00,2023,8,24,Été
1333,2023-08-25 12:00:00,2023,8,25,Été
1334,2023-08-26 12:00:00,2023,8,26,Été
1335,2023-08-27 12:00:00,2023,8,27,Été
1336,2023-08-28 12:00:00,2023,8,28,Été
1337,2023-08-29 12:00:00,2023,8,29,Été
1338,2023-08-30 12:00:00,2023,8,30,Été
1339,2023-08-31 12:00:00,2023,8,31,Été
1340,2023-09-01 12:00:00,2023,9,1,Automne
1341,2023-09-02 12:00:00,2023,9,2,Automne
1342,2023-09-03 12:00:00,2023,9,3,Automne
1343,2023-09-04 12:00:00,2023,9,4,Automne
1344,2023-09-05 12:00:00,2023,9,5,Automne
1345,2023-09-06 12:00:00,2023,9,6,Automne
1346,2023-09-07 12:00:00,2023,9,7,Automne
1347,2023-09-08 12:00:00,2023,9,8,Automne
1348,2023-09-09 12:00:00,2023,9,9,Automne
1349,2023-09-10 12:00:00,2023,9,10,Automne
1350,2023-09-11 12:00:00,2023,9,11,Automne
1351,2023-09-12 12:00:00,2023,9,12,Automne
1352,2023-09-13 12:00:00,2023,9,13,Automne
1353,2023-09-14 12:00:00,2023,9,14,Automne
1354,2023-09-15 12:00:00,2023,9,15,Automne
1355,2023-09-16 12:00:00,2023,9,16,Automne
1356,2023-09-17 12:00:00,2023,9,17,Automne
1357,2023-09-18 12:00:00,2023,9,18,Automne
1358,2023-09-19 12:00:00,2023,9,19,Automne
1359,2023-09-20 12:00:00,2023,9,20,Automne
1360,2023-09-21 12:00:00,2023,9,21,Automne
1361,2023-09-22 12:00:00,2023,9,22,Automne
1362,2023-09-23 12:00:00,2023,9,23,Automne
1363,2023-09-24 12:00:00,2023,9,24,Automne
1364,2023-09-25 12:00:00,2023,9,25,Automne
1365,2023-09-26 12:00:00,2023,9,26,Automne
1366,2023-09-27 12:00:00,2023,9,27,Automne
1367,2023-09-28 12:00:00,2023,9,28,Automne
1368,2023-09-29 12:00:00,2023,9,29,Automne
1369,2023-09-30 12:00:00,2023,9,30,Automne
1370,2023-10-01 12:00:00,2023,10,1,Automne
1371,2023-10-02 12:00:00,2023,10,2,Automne
1372,2023-10-03 12:00:00,2023,10,3,Automne
1373,2023-10-04 12:00:00,2023,10,4,Automne
1374,2023-10-05 12:00:00,2023,10,5,Automne
1375,2023-10-06 12:00:00,2023,10,6,Automne
1376,2023-10-07 12:00:00,2023,10,7,Automne
1377,2023-10-08 12:00:00,2023,10,8,Automne
1378,2023-10-09 12:00:00,2023,10,9,Automne
1379,2023-10-10 12:00:00,2023,10,10,Automne
1380,2023-10-11 12:00:00,2023,10,11,Automne
1381,2023-10-12 12:00:00,2023,10,12,Automne
1382,2023-10-13 12:00:00,2023,10,13,Automne
1383,2023-10-14 12:00:00,2023,10,14,Automne
1384,2023-10-15 12:00:00,2023,10,15,Automne
1385,2023-10-16 12:00:00,2023,10,16,Automne
1386,2023-10-17 12:00:00,2023,10,17,Automne
1387,2023-10-18 12:00:00,2023,10,18,Automne
1388,2023-10-19 12:00:00,2023,10,19,Automne
1389,2023-10-20 12:00:00,2023,10,20,Automne
1390,2023-10-21 12:00:00,2023,10,21,Automne
1391,2023-10-22 12:00:00,2023,10,22,Automne
1392,2023-10-23 12:00:00,2023,10,23,Automne
1393,2023-10-24 12:00:00,2023,10,24,Automne
1394,2023-10-25 12:00:00,2023,10,25,Automne
1395,2023-10-26 12:00:00,2023,10,26,Automne
1396,2023-10-27 12:00:00,2023,10,27,Automne
1397,2023-10-28 12:00:00,2023,10,28,Automne
1398,2023-10-29 12:00:00,2023,10,29,Automne
1399,2023-10-30 12:00:00,2023,10,30,Automne
1400,2023-10-31 12:00:00,2023,10,31,Automne
1401,2023-11-01 12:00:00,2023,11,1,Automne
1402,2023-11-02 12:00:00,2023,11,2,Automne
1403,2023-11-03 12:00:00,2023,11,3,Automne
1404,2023-11-04 12:00:00,2023,11,4,Automne
1405,2023-11-05 12:00:00,2023,11,5,Automne
1406,2023-11-06 12:00:00,2023,11,6,Automne
1407,2023-11-07 12:00:00,2023,11,7,Automne
1408,2023-11-08 12:00:00,2023,11,8,Automne
1409,2023-11-09 12:00:00,2023,11,9,Automne
1410,2023-11-10 12:00:00,2023,11,10,Automne
1411,2023-11-11 12:00:00,2023,11,11,Automne
1412,2023-11-12 12:00:00,2023,11,12,Automne
1413,2023-11-13 12:00:00,2023,11,13,Automne
1414,2023-11-14 12:00:00,2023,11,14,Automne
1415,2023-11-15 12:00:00,2023,11,15,Automne
1416,2023-11-16 12:00:00,2023,11,16,Automne
1417,2023-11-17 12:00:00,2023,11,17,Automne
1418,2023-11-18 12:00:00,2023,11,18,Automne
1419,2023-11-19 12:00:00,2023,11,19,Automne
1420,2023-11-20 12:00:00,2023,11,20,Automne
1421,2023-11-21 12:00:00,2023,11,21,Automne
1422,2023-11-22 12:00:00,2023,11,22,Automne
1423,2023-11-23 12:00:00,2023,11,23,Automne
1424,2023-11-24 12:00:00,2023,11,24,Automne
1425,2023-11-25 12:00:00,2023,11,25,Automne
1426,2023-11-26 12:00:00,2023,11,26,Automne
1427,2023-11-27 12:00:00,2023,11,27,Automne
1428,2023-11-28 12:00:00,2023,11,28,Automne
1429,2023-11-29 12:00:00,2023,11,29,Automne
1430,2023-11-30 12:00:00,2023,11,30,Automne
1431,2023-12-01 12:00:00,2023,12,1,Hiver
1432,2023-12-02 12:00:00,2023,12,2,Hiver
1433,2023-12-03 12:00:00,2023,12,3,Hiver
1434,2023-12-04 12:00:00,2023,12,4,Hiver
1435,2023-12-05 12:00:00,2023,12,5,Hiver
1436,2023-12-06 12:00:00,2023,12,6,Hiver
1437,2023-12-07 12:00:00,2023,12,7,Hiver
1438,2023-12-08 12:00:00,2023,12,8,Hiver
1439,2023-12-09 12:00:00,2023,12,9,Hiver
1440,2023-12-10 12:00:00,2023,12,10,Hiver
1441,2023-12-11 12:00:00,2023,12,11,Hiver
1442,2023-12-12 12:00:00,2023,12,12,Hiver
1443,2023-12-13 12:00:00,2023,12,13,Hiver
1444,2023-12-14 12:00:00,2023,12,14,Hiver
1445,2023-12-15 12:00:00,2023,12,15,Hiver
1446,2023-12-16 12:00:00,2023,12,16,Hiver
1447,2023-12-17 12:00:00,2023,12,17,Hiver
1448,2023-12-18 12:00:00,2023,12,18,Hiver
1449,2023-12-19 12:00:00,2023,12,19,Hiver
1450,2023-12-20 12:00:00,2023,12,20,Hiver
1451,2023-12-21 12:00:00,2023,12,21,Hiver
1452,2023-12-22 12:00:00,2023,12,22,Hiver
1453,2023-12-23 12:00:00,2023,12,23,Hiver
1454,2023-12-24 12:00:00,2023,12,24,Hiver
1455,2023-12-25 12:00:00,2023,12,25,Hiver
1456,2023-12-26 12:00:00,2023,12,26,Hiver
1457,2023-12-27 12:00:00,2023,12,27,Hiver
1458,2023-12-28 12:00:00,2023,12,28,Hiver
1459,2023-12-29 12:00:00,2023,12,29,Hiver
1460,2023-12-30 12:00:00,2023,12,30,Hiver
1461,2023-12-31 12:00:00,2023,12,31,Hiver
1462,2024-01-01 12:00:00,2024,1,1,Hiver
1463,2024-01-02 12:00:00,2024,1,2,Hiver
1464,2024-01-03 12:00:00,2024,1,3,Hiver
1465,2024-01-04 12:00:00,2024,1,4,Hiver
1466,2024-01-05 12:00:00,2024,1,5,Hiver
1467,2024-01-06 12:00:00,2024,1,6,Hiver
1468,2024-01-07 12:00:00,2024,1,7,Hiver
1469,2024-01-08 12:00:00,2024,1,8,Hiver
1470,2024-01-09 12:00:00,2024,1,9,Hiver
1471,2024-01-10 12:00:00,2024,1,10,Hiver
1472,2024-01-11 12:00:00,2024,1,11,Hiver
1473,2024-01-12 12:00:00,2024,1,12,Hiver
1474,2024-01-13 12:00:00,2024,1,13,Hiver
1475,2024-01-14 12:00:00,2024,1,14,Hiver
1476,2024-01-15 12:00:00,2024,1,15,Hiver
1477,2024-01-16 12:00:00,2024,1,16,Hiver
1478,2024-01-17 12:00:00,2024,1,17,Hiver
1479,2024-01-18 12:00:00,2024,1,18,Hiver
1480,2024-01-19 12:00:00,2024,1,19,Hiver
1481,2024-01-20 12:00:00,2024,1,20,Hiver
1482,2024-01-21 12:00:00,2024,1,21,Hiver
1483,2024-01-22 12:00:00,2024,1,22,Hiver
1484,2024-01-23 12:00:00,2024,1,23,Hiver
1485,2024-01-24 12:00:00,2024,1,24,Hiver
1486,2024-01-25 12:00:00,2024,1,25,Hiver
1487,2024-01-26 12:00:00,2024,1,26,Hiver
1488,2024-01-27 12:00:00,2024,1,27,Hiver
1489,2024-01-28 12:00:00,2024,1,28,Hiver
1490,2024-01-29 12:00:00,2024,1,29,Hiver
1491,2024-01-30 12:00:00,2024,1,30,Hiver
1492,2024-01-31 12:00:00,2024,1,31,Hiver
1493,2024-02-01 12:00:00,2024,2,1,Hiver
1494,2024-02-02 12:00:00,2024,2,2,Hiver
1495,2024-02-03 12:00:00,2024,2,3,Hiver
1496,2024-02-04 12:00:00,2024,2,4,Hiver
1497,2024-02-05 12:00:00,2024,2,5,Hiver
1498,2024-02-06 12:00:00,2024,2,6,Hiver
1499,2024-02-07 12:00:00,2024,2,7,Hiver
1500,2024-02-08 12:00:00,2024,2,8,Hiver
1501,2024-02-09 12:00:00,2024,2,9,Hiver
1502,2024-02-10 12:00:00,2024,2,10,Hiver
1503,2024-02-11 12:00:00,2024,2,11,Hiver
1504,2024-02-12 12:00:00,2024,2,12,Hiver
1505,2024-02-13 12:00:00,2024,2,13,Hiver
1506,2024-02-14 12:00:00,2024,2,14,Hiver
1507,2024-02-15 12:00:00,2024,2,15,Hiver
1508,2024-02-16 12:00:00,2024,2,16,Hiver
1509,2024-02-17 12:00:00,2024,2,17,Hiver
1510,2024-02-18 12:00:00,2024,2,18,Hiver
1511,2024-02-19 12:00:00,2024,2,19,Hiver
1512,2024-02-20 12:00:00,2024,2,20,Hiver
1513,2024-02-21 12:00:00,2024,2,21,Hiver
1514,2024-02-22 12:00:00,2024,2,22,Hiver
1515,2024-02-23 12:00:00,2024,2,23,Hiver
1516,2024-02-24 12:00:00,2024,2,24,Hiver
1517,2024-02-25 12:00:00,2024,2,25,Hiver
1518,2024-02-26 12:00:00,2024,2,26,Hiver
1519,2024-02-27 12:00:00,2024,2,27,Hiver
1520,2024-02-28 12:00:00,2024,2,28,Hiver
1521,2024-02-29 12:00:00,2024,2,29,Hiver
1522,2024-03-01 12:00:00,2024,3,1,Printemps
1523,2024-03-02 12:00:00,2024,3,2,Printemps
1524,2024-03-03 12:00:00,2024,3,3,Printemps
1525,2024-03-04 12:00:00,2024,3,4,Printemps
1526,2024-03-05 12:00:00,2024,3,5,Printemps
1527,2024-03-06 12:00:00,2024,3,6,Printemps
1528,2024-03-07 12:00:00,2024,3,7,Printemps
1529,2024-03-08 12:00:00,2024,3,8,Printemps
1530,2024-03-09 12:00:00,2024,3,9,Printemps
1531,2024-03-10 12:00:00,2024,3,10,Printemps
1532,2024-03-11 12:00:00,2024,3,11,Printemps
1533,2024-03-12 12:00:00,2024,3,12,Printemps
1534,2024-03-13 12:00:00,2024,3,13,Printemps
1535,2024-03-14 12:00:00,2024,3,14,Printemps
1536,2024-03-15 12:00:00,2024,3,15,Printemps
1537,2024-03-16 12:00:00,2024,3,16,Printemps
1538,2024-03-17 12:00:00,2024,3,17,Printemps
1539,2024-03-18 12:00:00,2024,3,18,Printemps
1540,2024-03-19 12:00:00,2024,3,19,Printemps
1541,2024-03-20 12:00:00,2024,3,20,Printemps
1542,2024-03-21 12:00:00,2024,3,21,Printemps
1543,2024-03-22 12:00:00,2024,3,22,Printemps
1544,2024-03-23 12:00:00,2024,3,23,Printemps
1545,2024-03-24 12:00:00,2024,3,24,Printemps
1546,2024-03-25 12:00:00,2024,3,25,Printemps
1547,2024-03-26 12:00:00,2024,3,26,Printemps
1548,2024-03-27 12:00:00,2024,3,27,Printemps
1549,2024-03-28 12:00:00,2024,3,28,Printemps
1550,2024-03-29 12:00:00,2024,3,29,Printemps
1551,2024-03-30 12:00:00,2024,3,30,Printemps
1552,2024-03-31 12:00:00,2024,3,31,Printemps
1553,2024-04-01 12:00:00,2024,4,1,Printemps
1554,2024-04-02 12:00:00,2024,4,2,Printemps
1555,2024-04-03 12:00:00,2024,4,3,Printemps
1556,2024-04-04 12:00:00,2024,4,4,Printemps
1557,2024-04-05 12:00:00,2024,4,5,Printemps
1558,2024-04-06 12:00:00,2024,4,6,Printemps
1559,2024-04-07 12:00:00,2024,4,7,Printemps
1560,2024-04-08 12:00:00,2024,4,8,Printemps
1561,2024-04-09 12:00:00,2024,4,9,Printemps
1562,2024-04-10 12:00:00,2024,4,10,Printemps
1563,2024-04-11 12:00:00,2024,4,11,Printemps
1564,2024-04-12 12:00:00,2024,4,12,Printemps
1565,2024-04-13 12:00:00,2024,4,13,Printemps
1566,2024-04-14 12:00:00,2024,4,14,Printemps
1567,2024-04-15 12:00:00,2024,4,15,Printemps
1568,2024-04-16 12:00:00,2024,4,16,Printemps
1569,2024-04-17 12:00:00,2024,4,17,Printemps
1570,2024-04-18 12:00:00,2024,4,18,Printemps
1571,2024-04-19 12:00:00,2024,4,19,Printemps
1572,2024-04-20 12:00:00,2024,4,20,Printemps
1573,2024-04-21 12:00:00,2024,4,21,Printemps
1574,2024-04-22 12:00:00,2024,4,22,Printemps
1575,2024-04-23 12:00:00,2024,4,23,Printemps
1576,2024-04-24 12:00:00,2024,4,24,Printemps
1577,2024-04-25 12:00:00,2024,4,25,Printemps
1578,2024-04-26 12:00:00,2024,4,26,Printemps
1579,2024-04-27 12:00:00,2024,4,27,Printemps
1580,2024-04-28 12:00:00,2024,4,28,Printemps
1581,2024-04-29 12:00:00,2024,4,29,Printemps
1582,2024-04-30 12:00:00,2024,4,30,Printemps
1583,2024-05-01 12:00:00,2024,5,1,Printemps
1584,2024-05-02 12:00:00,2024,5,2,Printemps
1585,2024-05-03 12:00:00,2024,5,3,Printemps
1586,2024-05-04 12:00:00,2024,5,4,Printemps
1587,2024-05-05 12:00:00,2024,5,5,Printemps
1588,2024-05-06 12:00:00,2024,5,6,Printemps
1589,2024-05-07 12:00:00,2024,5,7,Printemps
1590,2024-05-08 12:00:00,2024,5,8,Printemps
1591,2024-05-09 12:00:00,2024,5,9,Printemps
1592,2024-05-10 12:00:00,2024,5,10,Printemps
1593,2024-05-11 12:00:00,2024,5,11,Printemps
1594,2024-05-12 12:00:00,2024,5,12,Printemps
1595,2024-05-13 12:00:00,2024,5,13,Printemps
1596,2024-05-14 12:00:00,2024,5,14,Printemps
1597,2024-05-15 12:00:00,2024,5,15,Printemps
1598,2024-05-16 12:00:00,2024,5,16,Printemps
1599,2024-05-17 12:00:00,2024,5,17,Printemps
1600,2024-05-18 12:00:00,2024,5,18,Printemps
1601,2024-05-19 12:00:00,2024,5,19,Printemps
1602,2024-05-20 12:00:00,2024,5,20,Printemps
1603,2024-05-21 12:00:00,2024,5,21,Printemps
1604,2024-05-22 12:00:00,2024,5,22,Printemps
1605,2024-05-23 12:00:00,2024,5,23,Printemps
1606,2024-05-24 12:00:00,2024,5,24,Printemps
1607,2024-05-25 12:00:00,2024,5,25,Printemps
1608,2024-05-26 12:00:00,2024,5,26,Printemps
1609,2024-05-27 12:00:00,2024,5,27,Printemps
1610,2024-05-28 12:00:00,2024,5,28,Printemps
1611,2024-05-29 12:00:00,2024,5,29,Printemps
1612,2024-05-30 12:00:00,2024,5,30,Printemps
1613,2024-05-31 12:00:00,2024,5,31,Printemps
1614,2024-06-01 12:00:00,2024,6,1,Été
1615,2024-06-02 12:00:00,2024,6,2,Été
1616,2024-06-03 12:00:00,2024,6,3,Été
1617,2024-06-04 12:00:00,2024,6,4,Été
1618,2024-06-05 12:00:00,2024,6,5,Été
1619,2024-06-06 12:00:00,2024,6,6,Été
1620,2024-06-07 12:00:00,2024,6,7,Été
1621,2024-06-08 12:00:00,2024,6,8,Été
1622,2024-06-09 12:00:00,2024,6,9,Été
1623,2024-06-10 12:00:00,2024,6,10,Été
1624,2024-06-11 12:00:00,2024,6,11,Été
1625,2024-06-12 12:00:00,2024,6,12,Été
1626,2024-06-13 12:00:00,2024,6,13,Été
1627,2024-06-14 12:00:00,2024,6,14,Été
1628,2024-06-15 12:00:00,2024,6,15,Été
1629,2024-06-16 12:00:00,2024,6,16,Été
1630,2024-06-17 12:00:00,2024,6,17,Été
1631,2024-06-18 12:00:00,2024,6,18,Été
1632,2024-06-19 12:00:00,2024,6,19,Été
1633,2024-06-20 12:00:00,2024,6,20,Été
1634,2024-06-21 12:00:00,2024,6,21,Été
1635,2024-06-22 12:00:00,2024,6,22,Été
1636,2024-06-23 12:00:00,2024,6,23,Été
1637,2024-06-24 12:00:00,2024,6,24,Été
1638,2024-06-25 12:00:00,2024,6,25,Été
1639,2024-06-26 12:00:00,2024,6,26,Été
1640,2024-06-27 12:00:00,2024,6,27,Été
1641,2024-06-28 12:00:00,2024,6,28,Été
1642,2024-06-29 12:00:00,2024,6,29,Été
1643,2024-06-30 12:00:00,2024,6,30,Été
1644,2024-07-01 12:00:00,2024,7,1,Été
1645,2024-07-02 12:00:00,2024,7,2,Été
1646,2024-07-03 12:00:00,2024,7,3,Été
1647,2024-07-04 12:00:00,2024,7,4,Été
1648,2024-07-05 12:00:00,2024,7,5,Été
1649,2024-07-06 12:00:00,2024,7,6,Été
1650,2024-07-07 12:00:00,2024,7,7,Été
1651,2024-07-08 12:00:00,2024,7,8,Été
1652,2024-07-09 12:00:00,2024,7,9,Été
1653,2024-07-10 12:00:00,2024,7,10,Été
1654,2024-07-11 12:00:00,2024,7,11,Été
1655,2024-07-12 12:00:00,2024,7,12,Été
1656,2024-07-13 12:00:00,2024,7,13,Été
1657,2024-07-14 12:00:00,2024,7,14,Été
1658,2024-07-15 12:00:00,2024,7,15,Été
1659,2024-07-16 12:00:00,2024,7,16,Été
1660,2024-07-17 12:00:00,2024,7,17,Été
1661,2024-07-18 12:00:00,2024,7,18,Été
1662,2024-07-19 12:00:00,2024,7,19,Été
1663,2024-07-20 12:00:00,2024,7,20,Été
1664,2024-07-21 12:00:00,2024,7,21,Été
1665,2024-07-22 12:00:00,2024,7,22,Été
1666,2024-07-23 12:00:00,2024,7,23,Été
1667,2024-07-24 12:00:00,2024,7,24,Été
1668,2024-07-25 12:00:00,2024,7,25,Été
1669,2024-07-26 12:00:00,2024,7,26,Été
1670,2024-07-27 12:00:00,2024,7,27,Été
1671,2024-07-28 12:00:00,2024,7,28,Été
1672,2024-07-29 12:00:00,2024,7,29,Été
1673,2024-07-30 12:00:00,2024,7,30,Été
1674,2024-07-31 12:00:00,2024,7,31,Été
1675,2024-08-01 12:00:00,2024,8,1,Été
1676,2024-08-02 12:00:00,2024,8,2,Été
1677,2024-08-03 12:00:00,2024,8,3,Été
1678,2024-08-04 12:00:00,2024,8,4,Été
1679,2024-08-05 12:00:00,2024,8,5,Été
1680,2024-08-06 12:00:00,2024,8,6,Été
1681,2024-08-07 12:00:00,2024,8,7,Été
1682,2024-08-08 12:00:00,2024,8,8,Été
1683,2024-08-09 12:00:00,2024,8,9,Été
1684,2024-08-10 12:00:00,2024,8,10,Été
1685,2024-08-11 12:00:00,2024,8,11,Été
1686,2024-08-12 12:00:00,2024,8,12,Été
1687,2024-08-13 12:00:00,2024,8,13,Été
1688,2024-08-14 12:00:00,2024,8,14,Été
1689,2024-08-15 12:00:00,2024,8,15,Été
1690,2024-08-16 12:00:00,2024,8,16,Été
1691,2024-08-17 12:00:00,2024,8,17,Été
1692,2024-08-18 12:00:00,2024,8,18,Été
1693,2024-08-19 12:00:00,2024,8,19,Été
1694,2024-08-20 12:00:00,2024,8,20,Été
1695,2024-08-21 12:00:00,2024,8,21,Été
1696,2024-08-22 12:00:00,2024,8,22,Été
1697,2024-08-23 12:00:00,2024,8,23,Été
1698,2024-08-24 12:00:00,2024,8,24,Été
1699,2024-08-25 12:00:00,2024,8,25,Été
1700,2024-08-26 12:00:00,2024,8,26,Été
1701,2024-08-27 12:00:00,2024,8,27,Été
1702,2024-08-28 12:00:00,2024,8,28,Été
1703,2024-08-29 12:00:00,2024,8,29,Été
1704,2024-08-30 12:00:00,2024,8,30,Été
1705,2024-08-31 12:00:00,2024,8,31,Été
1706,2024-09-01 12:00:00,2024,9,1,Automne
1707,2024-09-02 12:00:00,2024,9,2,Automne
1708,2024-09-03 12:00:00,2024,9,3,Automne
1709,2024-09-04 12:00:00,2024,9,4,Automne
1710,2024-09-05 12:00:00,2024,9,5,Automne
1711,2024-09-06 12:00:00,2024,9,6,Automne
1712,2024-09-07 12:00:00,2024,9,7,Automne
1713,2024-09-08 12:00:00,2024,9,8,Automne
1714,2024-09-09 12:00:00,2024,9,9,Automne
1715,2024-09-10 12:00:00,2024,9,10,Automne
1716,2024-09-11 12:00:00,2024,9,11,Automne
1717,2024-09-12 12:00:00,2024,9,12,Automne
1718,2024-09-13 12:00:00,2024,9,13,Automne
1719,2024-09-14 12:00:00,2024,9,14,Automne
1720,2024-09-15 12:00:00,2024,9,15,Automne
1721,2024-09-16 12:00:00,2024,9,16,Automne
1722,2024-09-17 12:00:00,2024,9,17,Automne
1723,2024-09-18 12:00:00,2024,9,18,Automne
1724,2024-09-19 12:00:00,2024,9,19,Automne
1725,2024-09-20 12:00:00,2024,9,20,Automne
1726,2024-09-21 12:00:00,2024,9,21,Automne
1727,2024-09-22 12:00:00,2024,9,22,Automne
1728,2024-09-23 12:00:00,2024,9,23,Automne
1729,2024-09-24 12:00:00,2024,9,24,Automne
1730,2024-09-25 12:00:00,2024,9,25,Automne
1731,2024-09-26 12:00:00,2024,9,26,Automne
1732,2024-09-27 12:00:00,2024,9,27,Automne
1733,2024-09-28 12:00:00,2024,9,28,Automne
1734,2024-09-29 12:00:00,2024,9,29,Automne
1735,2024-09-30 12:00:00,2024,9,30,Automne
1736,2024-10-01 12:00:00,2024,10,1,Automne
1737,2024-10-02 12:00:00,2024,10,2,Automne
1738,2024-10-03 12:00:00,2024,10,3,Automne
1739,2024-10-04 12:00:00,2024,10,4,Automne
1740,2024-10-05 12:00:00,2024,10,5,Automne
1741,2024-10-06 12:00:00,2024,10,6,Automne
1742,2024-10-07 12:00:00,2024,10,7,Automne
1743,2024-10-08 12:00:00,2024,10,8,Automne
1744,2024-10-09 12:00:00,2024,10,9,Automne
1745,2024-10-10 12:00:00,2024,10,10,Automne
1746,2024-10-11 12:00:00,2024,10,11,Automne
1747,2024-10-12 12:00:00,2024,10,12,Automne
1748,2024-10-13 12:00:00,2024,10,13,Automne
1749,2024-10-14 12:00:00,2024,10,14,Automne
1750,2024-10-15 12:00:00,2024,10,15,Automne
1751,2024-10-16 12:00:00,2024,10,16,Automne
1752,2024-10-17 12:00:00,2024,10,17,Automne
1753,2024-10-18 12:00:00,2024,10,18,Automne
1754,2024-10-19 12:00:00,2024,10,19,Automne
1755,2024-10-20 12:00:00,2024,10,20,Automne
1756,2024-10-21 12:00:00,2024,10,21,Automne
1757,2024-10-22 12:00:00,2024,10,22,Automne
1758,2024-10-23 12:00:00,2024,10,23,Automne
1759,2024-10-24 12:00:00,2024,10,24,Automne
1760,2024-10-25 12:00:00,2024,10,25,Automne
1761,2024-10-26 12:00:00,2024,10,26,Automne
1762,2024-10-27 12:00:00,2024,10,27,Automne
1763,2024-10-28 12:00:00,2024,10,28,Automne
1764,2024-10-29 12:00:00,2024,10,29,Automne
1765,2024-10-30 12:00:00,2024,10,30,Automne
1766,2024-10-31 12:00:00,2024,10,31,Automne
1767,2024-11-01 12:00:00,2024,11,1,Automne
1768,2024-11-02 12:00:00,2024,11,2,Automne
1769,2024-11-03 12:00:00,2024,11,3,Automne
1770,2024-11-04 12:00:00,2024,11,4,Automne
1771,2024-11-05 12:00:00,2024,11,5,Automne
1772,2024-11-06 12:00:00,2024,11,6,Automne
1773,2024-11-07 12:00:00,2024,11,7,Automne
1774,2024-11-08 12:00:00,2024,11,8,Automne
1775,2024-11-09 12:00:00,2024,11,9,Automne
1776,2024-11-10 12:00:00,2024,11,10,Automne
1777,2024-11-11 12:00:00,2024,11,11,Automne
1778,2024-11-12 12:00:00,2024,11,12,Automne
1779,2024-11-13 12:00:00,2024,11,13,Automne
1780,2024-11-14 12:00:00,2024,11,14,Automne
1781,2024-11-15 12:00:00,2024,11,15,Automne
1782,2024-11-16 12:00:00,2024,11,16,Automne
1783,2024-11-17 12:00:00,2024,11,17,Automne
1784,2024-11-18 12:00:00,2024,11,18,Automne
1785,2024-11-19 12:00:00,2024,11,19,Automne
1786,2024-11-20 12:00:00,2024,11,20,Automne
1787,2024-11-21 12:00:00,2024,11,21,Automne
1788,2024-11-22 12:00:00,2024,11,22,Automne
1789,2024-11-23 12:00:00,2024,11,23,Automne
1790,2024-11-24 12:00:00,2024,11,24,Automne
1791,2024-11-25 12:00:00,2024,11,25,Automne
1792,2024-11-26 12:00:00,2024,11,26,Automne
1793,2024-11-27 12:00:00,2024,11,27,Automne
1794,2024-11-28 12:00:00,2024,11,28,Automne
1795,2024-11-29 12:00:00,2024,11,29,Automne
1796,2024-11-30 12:00:00,2024,11,30,Automne
1797,2024-12-01 12:00:00,2024,12,1,Hiver
1798,2024-12-02 12:00:00,2024,12,2,Hiver
1799,2024-12-03 12:00:00,2024,12,3,Hiver
1800,2024-12-04 12:00:00,2024,12,4,Hiver
1801,2024-12-05 12:00:00,2024,12,5,Hiver
1802,2024-12-06 12:00:00,2024,12,6,Hiver
1803,2024-12-07 12:00:00,2024,12,7,Hiver
1804,2024-12-08 12:00:00,2024,12,8,Hiver
1805,2024-12-09 12:00:00,2024,12,9,Hiver
1806,2024-12-10 12:00:00,2024,12,10,Hiver
1807,2024-12-11 12:00:00,2024,12,11,Hiver
1808,2024-12-12 12:00:00,2024,12,12,Hiver
1809,2024-12-13 12:00:00,2024,12,13,Hiver
1810,2024-12-14 12:00:00,2024,12,14,Hiver
1811,2024-12-15 12:00:00,2024,12,15,Hiver
1812,2024-12-16 12:00:00,2024,12,16,Hiver
1813,2024-12-17 12:00:00,2024,12,17,Hiver
1814,2024-12-18 12:00:00,2024,12,18,Hiver
1815,2024-12-19 12:00:00,2024,12,19,Hiver
1816,2024-12-20 12:00:00,2024,12,20,Hiver
1817,2024-12-21 12:00:00,2024,12,21,Hiver
1818,2024-12-22 12:00:00,2024,12,22,Hiver
1819,2024-12-23 12:00:00,2024,12,23,Hiver
1820,2024-12-24 12:00:00,2024,12,24,Hiver
1821,2024-12-25 12:00:00,2024,12,25,Hiver
1822,2024-12-26 12:00:00,2024,12,26,Hiver
1823,2024-12-27 12:00:00,2024,12,27,Hiver
1824,2024-12-28 12:00:00,2024,12,28,Hiver
1825,2024-12-29 12:00:00,2024,12,29,Hiver
1826,2024-12-30 12:00:00,2024,12,30,Hiver
1827,2024-12-31 12:00:00,2024,12,31,Hiver
1828,2025-01-01 12:00:00,2025,1,1,Hiver
1829,2025-01-02 12:00:00,2025,1,2,Hiver
1830,2025-01-03 12:00:00,2025,1,3,Hiver
1831,2025-01-04 12:00:00,2025,1,4,Hiver
1832,2025-01-05 12:00:00,2025,1,5,Hiver
1833,2025-01-06 12:00:00,2025,1,6,Hiver
1834,2025-01-07 12:00:00,2025,1,7,Hiver
1835,2025-01-08 12:00:00,2025,1,8,Hiver
1836,2025-01-09 12:00:00,2025,1,9,Hiver
1837,2025-01-10 12:00:00,2025,1,10,Hiver
1838,2025-01-11 12:00:00,2025,1,11,Hiver
1839,2025-01-12 12:00:00,2025,1,12,Hiver
1840,2025-01-13 12:00:00,2025,1,13,Hiver
1841,2025-01-14 12:00:00,2025,1,14,Hiver
1842,2025-01-15 12:00:00,2025,1,15,Hiver
1843,2025-01-16 12:00:00,2025,1,16,Hiver
1844,2025-01-17 12:00:00,2025,1,17,Hiver
1845,2025-01-18 12:00:00,2025,1,18,Hiver
1846,2025-01-19 12:00:00,2025,1,19,Hiver
1847,2025-01-20 12:00:00,2025,1,20,Hiver
1848,2025-01-21 12:00:00,2025,1,21,Hiver
1849,2025-01-22 12:00:00,2025,1,22,Hiver
1850,2025-01-23 12:00:00,2025,1,23,Hiver
1851,2025-01-24 12:00:00,2025,1,24,Hiver
1852,2025-01-25 12:00:00,2025,1,25,Hiver
1853,2025-01-26 12:00:00,2025,1,26,Hiver
1854,2025-01-27 12:00:00,2025,1,27,Hiver
1855,2025-01-28 12:00:00,2025,1,28,Hiver
1856,2025-01-29 12:00:00,2025,1,29,Hiver
1857,2025-01-30 12:00:00,2025,1,30,Hiver
1858,2025-01-31 12:00:00,2025,1,31,Hiver
1859,2025-02-01 12:00:00,2025,2,1,Hiver
1860,2025-02-02 12:00:00,2025,2,2,Hiver
1861,2025-02-03 12:00:00,2025,2,3,Hiver
1862,2025-02-04 12:00:00,2025,2,4,Hiver
1863,2025-02-05 12:00:00,2025,2,5,Hiver
1864,2025-02-06 12:00:00,2025,2,6,Hiver
1865,2025-02-07 12:00:00,2025,2,7,Hiver
1866,2025-02-08 12:00:00,2025,2,8,Hiver
1867,2025-02-09 12:00:00,2025,2,9,Hiver
1868,2025-02-10 12:00:00,2025,2,10,Hiver
1869,2025-02-11 12:00:00,2025,2,11,Hiver
1870,2025-02-12 12:00:00,2025,2,12,Hiver
1871,2025-02-13 12:00:00,2025,2,13,Hiver
1872,2025-02-14 12:00:00,2025,2,14,Hiver
1873,2025-02-15 12:00:00,2025,2,15,Hiver
1874,2025-02-16 12:00:00,2025,2,16,Hiver
1875,2025-02-17 12:00:00,2025,2,17,Hiver
1876,2025-02-18 12:00:00,2025,2,18,Hiver
1877,2025-02-19 12:00:00,2025,2,19,Hiver
1878,2025-02-20 12:00:00,2025,2,20,Hiver
1879,2025-02-21 12:00:00,2025,2,21,Hiver
1880,2025-02-22 12:00:00,2025,2,22,Hiver
1881,2025-02-23 12:00:00,2025,2,23,Hiver
1882,2025-02-24 12:00:00,2025,2,24,Hiver
1883,2025-02-25 12:00:00,2025,2,25,Hiver
1884,2025-02-26 12:00:00,2025,2,26,Hiver
1885,2025-02-27 12:00:00,2025,2,27,Hiver
1886,2025-02-28 12:00:00,2025,2,28,Hiver
1887,2025-03-01 12:00:00,2025,3,1,Printemps
1888,2025-03-02 12:00:00,2025,3,2,Printemps
1889,2025-03-03 12:00:00,2025,3,3,Printemps
1890,2025-03-04 12:00:00,2025,3,4,Printemps
1891,2025-03-05 12:00:00,2025,3,5,Printemps
1892,2025-03-06 12:00:00,2025,3,6,Printemps
1893,2025-03-07 12:00:00,2025,3,7,Printemps
1894,2025-03-08 12:00:00,2025,3,8,Printemps
1895,2025-03-09 12:00:00,2025,3,9,Printemps
1896,2025-03-10 12:00:00,2025,3,10,Printemps
1897,2025-03-11 12:00:00,2025,3,11,Printemps
1898,2025-03-12 12:00:00,2025,3,12,Printemps
1899,2025-03-13 12:00:00,2025,3,13,Printemps
1900,2025-03-14 12:00:00,2025,3,14,Printemps
1901,2025-03-15 12:00:00,2025,3,15,Printemps
1902,2025-03-16 12:00:00,2025,3,16,Printemps
1903,2025-03-17 12:00:00,2025,3,17,Printemps
1904,2025-03-18 12:00:00,2025,3,18,Printemps
1905,2025-03-19 12:00:00,2025,3,19,Printemps
1906,2025-03-20 12:00:00,2025,3,20,Printemps
1907,2025-03-21 12:00:00,2025,3,21,Printemps
1908,2025-03-22 12:00:00,2025,3,22,Printemps
1909,2025-03-23 12:00:00,2025,3,23,Printemps
1910,2025-03-24 12:00:00,2025,3,24,Printemps
1911,2025-03-25 12:00:00,2025,3,25,Printemps
1912,2025-03-26 12:00:00,2025,3,26,Printemps
1913,2025-03-27 12:00:00,2025,3,27,Printemps
1914,2025-03-28 12:00:00,2025,3,28,Printemps
1915,2025-03-29 12:00:00,2025,3,29,Printemps
1916,2025-03-30 12:00:00,2025,3,30,Printemps
1917,2025-03-31 12:00:00,2025,3,31,Printemps
1918,2025-04-01 12:00:00,2025,4,1,Printemps
1919,2025-04-02 12:00:00,2025,4,2,Printemps
1920,2025-04-03 12:00:00,2025,4,3,Printemps
1921,2025-04-04 12:00:00,2025,4,4,Printemps
1922,2025-04-05 12:00:00,2025,4,5,Printemps
1923,2025-04-06 12:00:00,2025,4,6,Printemps
1924,2025-04-07 12:00:00,2025,4,7,Printemps
1925,2025-04-08 12:00:00,2025,4,8,Printemps
1926,2025-04-09 12:00:00,2025,4,9,Printemps
1927,2025-04-10 12:00:00,2025,4,10,Printemps
1928,2025-04-11 12:00:00,2025,4,11,Printemps
1929,2025-04-12 12:00:00,2025,4,12,Printemps
1930,2025-04-13 12:00:00,2025,4,13,Printemps
1931,2025-04-14 12:00:00,2025,4,14,Printemps
1932,2025-04-15 12:00:00,2025,4,15,Printemps
1933,2025-04-16 12:00:00,2025,4,16,Printemps
1934,2025-04-17 12:00:00,2025,4,17,Printemps
1935,2025-04-18 12:00:00,2025,4,18,Printemps
1936,2025-04-19 12:00:00,2025,4,19,Printemps
1937,2025-04-20 12:00:00,2025,4,20,Printemps
1938,2025-04-21 12:00:00,2025,4,21,Printemps
1939,2025-04-22 12:00:00,2025,4,22,Printemps
1940,2025-04-23 12:00:00,2025,4,23,Printemps
1941,2025-04-24 12:00:00,2025,4,24,Printemps
1942,2025-04-25 12:00:00,2025,4,25,Printemps
1943,2025-04-26 12:00:00,2025,4,26,Printemps
1944,2025-04-27 12:00:00,2025,4,27,Printemps
1945,2025-04-28 12:00:00,2025,4,28,Printemps
1946,2025-04-29 12:00:00,2025,4,29,Printemps
1947,2025-04-30 12:00:00,2025,4,30,Printemps
1948,2025-05-01 12:00:00,2025,5,1,Printemps
1949,2025-05-02 12:00:00,2025,5,2,Printemps
1950,2025-05-03 12:00:00,2025,5,3,Printemps
1951,2025-05-04 12:00:00,2025,5,4,Printemps
1952,2025-05-05 12:00:00,2025,5,5,Printemps
1953,2025-05-06 12:00:00,2025,5,6,Printemps
1954,2025-05-07 12:00:00,2025,5,7,Printemps
1955,2025-05-08 12:00:00,2025,5,8,Printemps
1956,2025-05-09 12:00:00,2025,5,9,Printemps
1957,2025-05-10 12:00:00,2025,5,10,Printemps
1958,2025-05-11 12:00:00,2025,5,11,Printemps
1959,2025-05-12 12:00:00,2025,5,12,Printemps
1960,2025-05-13 12:00:00,2025,5,13,Printemps
1961,2025-05-14 12:00:00,2025,5,14,Printemps
1962,2025-05-15 12:00:00,2025,5,15,Printemps
1963,2025-05-16 12:00:00,2025,5,16,Printemps
1964,2025-05-17 12:00:00,2025,5,17,Printemps
1965,2025-05-18 12:00:00,2025,5,18,Printemps
1966,2025-05-19 12:00:00,2025,5,19,Printemps
1967,2025-05-20 12:00:00,2025,5,20,Printemps
1968,2025-05-21 12:00:00,2025,5,21,Printemps
1969,2025-05-22 12:00:00,2025,5,22,Printemps
1970,2025-05-23 12:00:00,2025,5,23,Printemps
1971,2025-05-24 12:00:00,2025,5,24,Printemps
1972,2025-05-25 12:00:00,2025,5,25,Printemps
1973,2025-05-26 12:00:00,2025,5,26,Printemps
1974,2025-05-27 12:00:00,2025,5,27,Printemps
1975,2025-05-28 12:00:00,2025,5,28,Printemps
1976,2025-05-29 12:00:00,2025,5,29,Printemps
1977,2025-05-30 12:00:00,2025,5,30,Printemps
1978,2025-05-31 12:00:00,2025,5,31,Printemps
1979,2025-06-01 12:00:00,2025,6,1,Été
1980,2025-06-02 12:00:00,2025,6,2,Été
1981,2025-06-03 12:00:00,2025,6,3,Été
1982,2025-06-04 12:00:00,2025,6,4,Été
1983,2025-06-05 12:00:00,2025,6,5,Été
1984,2025-06-06 12:00:00,2025,6,6,Été
1985,2025-06-07 12:00:00,2025,6,7,Été
1986,2025-06-08 12:00:00,2025,6,8,Été
1987,2025-06-09 12:00:00,2025,6,9,Été
1988,2025-06-10 12:00:00,2025,6,10,Été
1989,2025-06-11 12:00:00,2025,6,11,Été
1990,2025-06-12 12:00:00,2025,6,12,Été
1991,2025-06-13 12:00:00,2025,6,13,Été
1992,2025-06-14 12:00:00,2025,6,14,Été
1993,2025-06-15 12:00:00,2025,6,15,Été
1994,2025-06-16 12:00:00,2025,6,16,Été
1995,2025-06-17 12:00:00,2025,6,17,Été
1996,2025-06-18 12:00:00,2025,6,18,Été
1997,2025-06-19 12:00:00,2025,6,19,Été
1998,2025-06-20 12:00:00,2025,6,20,Été
1999,2025-06-21 12:00:00,2025,6,21,Été
2000,2025-06-22 12:00:00,2025,6,22,Été
2001,2025-06-23 12:00:00,2025,6,23,Été
2002,2025-06-24 12:00:00,2025,6,24,Été
2003,2025-06-25 12:00:00,2025,6,25,Été
2004,2025-06-26 12:00:00,2025,6,26,Été
2005,2025-06-27 12:00:00,2025,6,27,Été
2006,2025-06-28 12:00:00,2025,6,28,Été
2007,2025-06-29 12:00:00,2025,6,29,Été
2008,2025-06-30 12:00:00,2025,6,30,Été
2009,2025-07-01 12:00:00,2025,7,1,Été
2010,2025-07-02 12:00:00,2025,7,2,Été
2011,2025-07-03 12:00:00,2025,7,3,Été
2012,2025-07-04 12:00:00,2025,7,4,Été
2013,2025-07-05 12:00:00,2025,7,5,Été
2014,2025-07-06 12:00:00,2025,7,6,Été
2015,2025-07-07 12:00:00,2025,7,7,Été
2016,2025-07-08 12:00:00,2025,7,8,Été
2017,2025-07-09 12:00:00,2025,7,9,Été
2018,2025-07-10 12:00:00,2025,7,10,Été
2019,2025-07-11 12:00:00,2025,7,11,Été
2020,2025-07-12 12:00:00,2025,7,12,Été
2021,2025-07-13 12:00:00,2025,7,13,Été
2022,2025-07-14 12:00:00,2025,7,14,Été
2023,2025-07-15 12:00:00,2025,7,15,Été
2024,2025-07-16 12:00:00,2025,7,16,Été
2025,2025-07-17 12:00:00,2025,7,17,Été
2026,2025-07-18 12:00:00,2025,7,18,Été
